26060,-1.9,2019-02-19,11:59:53,SWEDEN,78.74918963614512
23160,-0.5,2019-02-19,11:59:53,SWEDEN,64.3817991267411
20650,-9.1,2019-02-19,11:59:53,SWEDEN,87.45605134886338
20640,-2.7,2019-02-19,11:59:53,SWEDEN,71.72163524427995
21280,-5.4,2019-02-19,11:59:53,SWEDEN,75.19452961521824
21290,-2.0,2019-02-19,11:59:53,SWEDEN,93.55662641537592
21330,-6.3,2019-02-19,11:59:53,SWEDEN,94.04928024034557
26440,0.4,2019-02-19,11:59:53,SWEDEN,98.56361111815582
24860,-1.8,2019-02-19,11:59:53,SWEDEN,70.8103233274573
24880,-1.1,2019-02-19,11:59:53,SWEDEN,97.11052564627254
24040,0.1,2019-02-19,11:59:53,SWEDEN,92.98253254007366
20910,-2.2,2019-02-19,11:59:53,SWEDEN,88.12294658099164
20900,-1.6,2019-02-19,11:59:53,SWEDEN,86.22637221239664
20890,-0.4,2019-02-19,11:59:53,SWEDEN,90.92863796987683
21040,-8.4,2019-02-19,11:59:53,SWEDEN,77.0730720818269
21670,0.0,2019-02-19,11:59:53,SWEDEN,92.29931147269156
24520,-0.3,2019-02-19,11:59:53,SWEDEN,97.12927984191765
24530,-1.1,2019-02-19,11:59:53,SWEDEN,80.67058182142841
23360,-4.1,2019-02-19,11:59:53,SWEDEN,75.42935353744994
23370,-1.1,2019-02-19,11:59:53,SWEDEN,91.55287127884235
23380,-4.0,2019-02-19,11:59:53,SWEDEN,82.11450069270761
25820,-3.3,2019-02-19,11:59:53,SWEDEN,79.13089118000605
25490,-0.9,2019-02-19,11:59:53,SWEDEN,85.66154608825286
25480,-0.7,2019-02-19,11:59:53,SWEDEN,92.25643373622192
25440,-3.1,2019-02-19,11:59:53,SWEDEN,82.86389164188223
20120,-7.5,2019-02-19,11:59:53,SWEDEN,74.21441464950934
22670,-3.3,2019-02-19,11:59:53,SWEDEN,81.58533468877185
25740,-2.9,2019-02-19,11:59:53,SWEDEN,86.08717586267007
25840,-2.4,2019-02-19,11:59:53,SWEDEN,75.15585330328516
23470,-3.0,2019-02-19,11:59:53,SWEDEN,68.94428687980675
21630,-0.7,2019-02-19,11:59:53,SWEDEN,85.04967299814432
22840,-9.1,2019-02-19,11:59:53,SWEDEN,90.27404522812816
26800,-1.5,2019-02-19,11:59:53,SWEDEN,82.45021251134898
25670,0.3,2019-02-19,11:59:53,SWEDEN,69.64554127591181
21230,-2.9,2019-02-19,11:59:53,SWEDEN,90.06817876959632
23550,-0.8,2019-02-19,11:59:53,SWEDEN,63.33101827033016
25590,-1.4,2019-02-19,11:59:53,SWEDEN,81.23525927205625
26220,-1.5,2019-02-19,11:59:53,SWEDEN,84.32472345939549
26510,-2.1,2019-02-19,11:59:53,SWEDEN,92.8582457233698
26610,-1.6,2019-02-19,11:59:53,SWEDEN,79.99360896559583
20730,-3.9,2019-02-19,11:59:53,SWEDEN,92.75411757334933
20130,-10.2,2019-02-19,11:59:53,SWEDEN,75.52084440375111
20660,-5.5,2019-02-19,11:59:53,SWEDEN,84.48666191338197
20620,-9.6,2019-02-19,11:59:53,SWEDEN,89.51960514091087
20440,-10.2,2019-02-19,11:59:53,SWEDEN,71.91000867182417
22980,-2.8,2019-02-19,11:59:53,SWEDEN,91.43789946861774
20820,-0.8,2019-02-19,11:59:53,SWEDEN,90.89998534997937
20830,0.0,2019-02-19,11:59:53,SWEDEN,87.03397643353166
20800,-5.9,2019-02-19,11:59:53,SWEDEN,78.72086316993881
24960,-2.2,2019-02-19,11:59:53,SWEDEN,79.90401498906574
25000,0.1,2019-02-19,11:59:53,SWEDEN,80.24437653621193
26230,1.7,2019-02-19,11:59:53,SWEDEN,90.42069815348157
24150,-2.9,2019-02-19,11:59:53,SWEDEN,79.79876174896553
21860,-6.6,2019-02-19,11:59:53,SWEDEN,81.11724041542574
25630,-0.5,2019-02-19,11:59:53,SWEDEN,71.61420942799982
25625,-1.8,2019-02-19,11:59:53,SWEDEN,81.79260382379225
25620,-4.9,2019-02-19,11:59:53,SWEDEN,80.73392182751007
20240,-9.8,2019-02-19,11:59:53,SWEDEN,75.59409684424845
22060,-4.7,2019-02-19,11:59:53,SWEDEN,77.09783872686782
26480,-0.4,2019-02-19,11:59:53,SWEDEN,91.5995511829837
23190,-13.8,2019-02-19,11:59:53,SWEDEN,72.9810814414065
23170,-13.0,2019-02-19,11:59:53,SWEDEN,98.39271045714331
23210,-3.1,2019-02-19,11:59:53,SWEDEN,90.05242117152747
22930,-7.9,2019-02-19,11:59:53,SWEDEN,74.73399796569436
20490,-7.9,2019-02-19,11:59:53,SWEDEN,74.13847321560928
20500,-10.4,2019-02-19,11:59:53,SWEDEN,95.35042536770999
20690,-8.7,2019-02-19,11:59:53,SWEDEN,91.0204499961464
24410,-2.2,2019-02-19,11:59:53,SWEDEN,78.70198929389845
24600,-4.3,2019-02-19,11:59:53,SWEDEN,79.58587822691281
21080,-6.6,2019-02-19,11:59:53,SWEDEN,81.75546146304958
24560,-1.4,2019-02-19,11:59:53,SWEDEN,68.75926383106284
26110,-0.1,2019-02-19,11:59:53,SWEDEN,99.27654435339122
22600,-9.1,2019-02-19,11:59:53,SWEDEN,88.15309621454743
22710,-4.4,2019-02-19,11:59:53,SWEDEN,74.21358179255141
22690,-1.5,2019-02-19,11:59:53,SWEDEN,83.69572298443917
22440,-3.7,2019-02-19,11:59:53,SWEDEN,96.32257368951275
26250,0.6,2019-02-19,11:59:53,SWEDEN,85.82514788057838
25103,-6.7,2019-02-19,11:59:53,SWEDEN,83.03221400290072
24110,-1.7,2019-02-19,11:59:53,SWEDEN,89.49332045949569
24100,-9.7,2019-02-19,11:59:53,SWEDEN,77.47183273695427
26200,-1.5,2019-02-19,11:59:53,SWEDEN,84.32472345939549
26410,-4.1,2019-02-19,11:59:53,SWEDEN,89.29233982144791
26400,-3.4,2019-02-19,11:59:53,SWEDEN,76.72526742259443
25640,-4.8,2019-02-19,11:59:53,SWEDEN,65.90257821738274
25360,-0.7,2019-02-19,11:59:53,SWEDEN,81.3332754866931
25350,-1.0,2019-02-19,11:59:53,SWEDEN,88.23361205174115
21740,-8.9,2019-02-19,11:59:53,SWEDEN,76.98669240406056
21660,-1.8,2019-02-19,11:59:53,SWEDEN,88.82033609706264
21610,-1.7,2019-02-19,11:59:53,SWEDEN,82.42369124665107
21550,-6.6,2019-02-19,11:59:53,SWEDEN,83.69704978557671
21540,-11.5,2019-02-19,11:59:53,SWEDEN,98.41331151658952
22470,-9.1,2019-02-19,11:59:53,SWEDEN,68.70051619435262
24290,-2.5,2019-02-19,11:59:53,SWEDEN,97.8007452336604
24080,-0.9,2019-02-19,11:59:53,SWEDEN,86.94365177754374
22320,-6.7,2019-02-19,11:59:53,SWEDEN,85.00241936276412
22310,-8.1,2019-02-19,11:59:53,SWEDEN,70.61118545303064
22220,-4.8,2019-02-19,11:59:53,SWEDEN,87.20738354565863
26050,1.7,2019-02-19,11:59:53,SWEDEN,95.78975614003447
23330,-2.4,2019-02-19,11:59:53,SWEDEN,92.15082129947179
20740,-3.8,2019-02-19,11:59:53,SWEDEN,93.46237819405472
20750,-5.9,2019-02-19,11:59:53,SWEDEN,99.24085153181478
20860,-9.1,2019-02-19,11:59:53,SWEDEN,83.37601203265744
25880,-1.9,2019-02-19,11:59:53,SWEDEN,80.5548000779741
22820,-6.0,2019-02-19,11:59:53,SWEDEN,84.42625346215084
25130,-0.4,2019-02-19,11:59:53,SWEDEN,93.63872187405376
25300,1.3,2019-02-19,11:59:53,SWEDEN,79.82918169450932
25260,-3.7,2019-02-19,11:59:53,SWEDEN,85.34872035971092
25230,-16.8,2019-02-19,11:59:53,SWEDEN,51.78110797221371
25240,-4.6,2019-02-19,11:59:53,SWEDEN,79.53984354233867
24740,-6.0,2019-02-19,11:59:53,SWEDEN,80.57238947300448
24760,-3.0,2019-02-19,11:59:53,SWEDEN,65.80498883260934
24640,-4.5,2019-02-19,11:59:53,SWEDEN,76.53619011143674
22880,-5.9,2019-02-19,11:59:53,SWEDEN,87.09602973930878
22360,-6.7,2019-02-19,11:59:53,SWEDEN,76.15147081347057
22340,-11.8,2019-02-19,11:59:53,SWEDEN,82.34291064900614
26260,-6.5,2019-02-19,11:59:53,SWEDEN,82.41171067955368
21170,-4.1,2019-02-19,11:59:53,SWEDEN,84.65400867658627
21190,-6.7,2019-02-19,11:59:53,SWEDEN,83.03221400290072
25200,-4.6,2019-02-19,11:59:53,SWEDEN,85.90203778919692
26720,-2.7,2019-02-19,11:59:53,SWEDEN,77.43329220486362
25860,-3.8,2019-02-19,11:59:53,SWEDEN,74.90228749587082
24240,-6.2,2019-02-19,11:59:53,SWEDEN,103.09643926603873
24230,-0.5,2019-02-19,11:59:53,SWEDEN,100.0
25900,-2.9,2019-02-19,11:59:53,SWEDEN,79.79876174896553
20840,-1.9,2019-02-19,11:59:53,SWEDEN,95.66573653580338
24283,-0.8,2019-02-19,11:59:53,SWEDEN,79.51460323520524
24260,-2.0,2019-02-19,11:59:53,SWEDEN,92.17586196253927
20430,-6.0,2019-02-19,11:59:53,SWEDEN,87.76227571101343
25050,0.2,2019-02-19,11:59:53,SWEDEN,90.30779776799781
26390,-3.4,2019-02-19,11:59:53,SWEDEN,73.82815508172327
24060,-10.7,2019-02-19,11:59:53,SWEDEN,71.8069938638546
24000,-6.3,2019-02-19,11:59:53,SWEDEN,72.69588162833253
21810,-6.2,2019-02-19,11:59:53,SWEDEN,76.23968484059795
25710,-3.1,2019-02-19,11:59:53,SWEDEN,77.96109625405214
25700,-5.2,2019-02-19,11:59:53,SWEDEN,78.221667460003
25720,-8.5,2019-02-19,11:59:53,SWEDEN,72.84134646344887
22861,-1.9,2019-02-19,11:59:53,SWEDEN,94.25850367271244
26500,-1.3,2019-02-19,11:59:53,SWEDEN,77.08029515932536
24350,-3.3,2019-02-19,11:59:53,SWEDEN,80.96546006752135
24360,-10.7,2019-02-19,11:59:53,SWEDEN,58.82316859925629
24460,-6.1,2019-02-19,11:59:53,SWEDEN,79.93034304739732
25080,-3.2,2019-02-19,11:59:53,SWEDEN,80.9797984131181
20880,-5.8,2019-02-19,11:59:53,SWEDEN,85.76918476660684
20870,-5.6,2019-02-19,11:59:53,SWEDEN,79.38531928776412
21760,-6.1,2019-02-19,11:59:53,SWEDEN,80.5576085528741
21730,-4.7,2019-02-19,11:59:53,SWEDEN,82.01884392190053
23060,-22.8,2019-02-19,11:59:53,SWEDEN,75.75450348757643
22740,-3.2,2019-02-19,11:59:53,SWEDEN,81.59925792974224
22520,-13.5,2019-02-19,11:59:53,SWEDEN,81.424999255737
22420,-6.9,2019-02-19,11:59:53,SWEDEN,77.32947280457599
26700,-2.0,2019-02-19,11:59:53,SWEDEN,80.54025751338591
26040,-3.0,2019-02-19,11:59:53,SWEDEN,88.0483209296803
20920,-1.6,2019-02-19,11:59:53,SWEDEN,90.84227855618312
21200,-4.3,2019-02-19,11:59:53,SWEDEN,63.97031207180361
21910,-2.6,2019-02-19,11:59:53,SWEDEN,120.9960952593923
22780,-8.1,2019-02-19,11:59:53,SWEDEN,84.16877784088838
22760,-12.0,2019-02-19,11:59:53,SWEDEN,77.71273101814701
25635,3.1,2019-02-19,11:59:53,SWEDEN,95.83656274641432
25660,-3.6,2019-02-19,11:59:53,SWEDEN,73.79040748505199
26380,-2.2,2019-02-19,11:59:53,SWEDEN,88.78521907566022
23430,0.0,2019-02-19,11:59:53,SWEDEN,90.29259655761705
24030,-0.1,2019-02-19,11:59:53,SWEDEN,67.48627921231231
22970,-3.4,2019-02-19,11:59:53,SWEDEN,75.55450329984608
22960,-3.5,2019-02-19,11:59:53,SWEDEN,79.09975232338009
21440,-8.7,2019-02-19,11:59:53,SWEDEN,82.10990256316684
21500,-2.5,2019-02-19,11:59:53,SWEDEN,92.83529839748435
24900,-2.7,2019-02-19,11:59:53,SWEDEN,74.5288018918281
23820,-0.7,2019-02-19,11:59:53,SWEDEN,70.49764515634426
25500,-3.4,2019-02-19,11:59:53,SWEDEN,85.38270954474834
20990,-0.6,2019-02-19,11:59:53,SWEDEN,90.91432830663767
20980,-1.1,2019-02-19,11:59:53,SWEDEN,90.87840826799206
20960,-4.2,2019-02-19,11:59:53,SWEDEN,74.82917267384818
26280,0.3,2019-02-19,11:59:53,SWEDEN,96.44043836027068
21990,-8.1,2019-02-19,11:59:53,SWEDEN,88.9446100721528
24853,-3.5,2019-02-19,11:59:53,SWEDEN,79.09975232338009
26350,0.0,2019-02-19,11:59:53,SWEDEN,90.29259655761705
22640,-5.0,2019-02-19,11:59:53,SWEDEN,85.85795478572807
22650,-6.5,2019-02-19,11:59:53,SWEDEN,74.99336068481597
21960,-8.6,2019-02-19,11:59:53,SWEDEN,81.47217927162478
25550,-6.1,2019-02-19,11:59:53,SWEDEN,79.93034304739732
25540,0.0,2019-02-19,11:59:53,SWEDEN,75.01844046375166
25520,-1.6,2019-02-19,11:59:53,SWEDEN,79.99360896559583
25580,-0.6,2019-02-19,11:59:53,SWEDEN,68.93094893749748
25560,-5.2,2019-02-19,11:59:53,SWEDEN,81.31789006461752
23780,-1.6,2019-02-19,11:59:53,SWEDEN,93.57729687799875
23760,-7.1,2019-02-19,11:59:53,SWEDEN,75.47949719637543
23240,-7.4,2019-02-19,11:59:53,SWEDEN,85.58919533721013
23290,-2.5,2019-02-19,11:59:53,SWEDEN,75.71409532047252
24400,-3.7,2019-02-19,11:59:53,SWEDEN,87.31733917992828
24440,-7.9,2019-02-19,11:59:53,SWEDEN,77.15899337912249
22260,-5.9,2019-02-19,11:59:53,SWEDEN,76.29239232150672
21510,-0.5,2019-02-19,11:59:53,SWEDEN,90.25443967232712
20570,-4.4,2019-02-19,11:59:53,SWEDEN,94.85627527350479
26070,-2.6,2019-02-19,11:59:53,SWEDEN,82.3036277832477
26640,-3.0,2019-02-19,11:59:53,SWEDEN,80.39397086392636
20600,-8.7,2019-02-19,11:59:53,SWEDEN,86.12089737279415
20550,-3.5,2019-02-19,11:59:53,SWEDEN,92.77745043008039
26360,-3.6,2019-02-19,11:59:53,SWEDEN,84.71314097522273
25410,-5.9,2019-02-19,11:59:53,SWEDEN,67.76902629568713
25420,-1.0,2019-02-19,11:59:53,SWEDEN,95.69724628623466
24580,-5.2,2019-02-19,11:59:53,SWEDEN,78.221667460003
25760,-4.8,2019-02-19,11:59:53,SWEDEN,78.28659540293891
21470,-3.8,2019-02-19,11:59:53,SWEDEN,72.6186155465987
24090,-12.3,2019-02-19,11:59:53,SWEDEN,49.162623938680525
20770,-1.0,2019-02-19,11:59:53,SWEDEN,92.92079286395739
20760,-5.0,2019-02-19,11:59:53,SWEDEN,97.01642727023095
23660,-7.9,2019-02-19,11:59:53,SWEDEN,79.02353294320422
25750,1.2,2019-02-19,11:59:53,SWEDEN,70.88438676475174
24180,-4.7,2019-02-19,11:59:53,SWEDEN,79.52446569444282
21350,-2.4,2019-02-19,11:59:53,SWEDEN,90.10741248867824
25160,1.7,2019-02-19,11:59:53,SWEDEN,97.87482472488949
25180,-3.0,2019-02-19,11:59:53,SWEDEN,82.87693605890465
25120,-4.4,2019-02-19,11:59:53,SWEDEN,80.1865097713484
23050,-2.5,2019-02-19,11:59:53,SWEDEN,88.75877504400992
24810,-1.9,2019-02-19,11:59:53,SWEDEN,63.55429401324951
24820,-2.2,2019-02-19,11:59:53,SWEDEN,70.187307901766
21020,-2.9,2019-02-19,11:59:53,SWEDEN,85.43910395316232
25920,-1.5,2019-02-19,11:59:53,SWEDEN,79.40818586352142
22300,-9.0,2019-02-19,11:59:53,SWEDEN,75.73967849481294
22450,-2.9,2019-02-19,11:59:53,SWEDEN,94.21192251418474
23680,-1.9,2019-02-19,11:59:53,SWEDEN,86.19443065553102
20950,-3.8,2019-02-19,11:59:53,SWEDEN,92.75996123325166
20940,0.0,2019-02-19,11:59:53,SWEDEN,88.97638355603272
20790,-3.6,2019-02-19,11:59:53,SWEDEN,94.88974631428891
26640,-3.3,2019-02-19,11:59:54,SWEDEN,77.92847961944209
20990,-0.5,2019-02-19,11:59:54,SWEDEN,90.25443967232712
20980,-1.1,2019-02-19,11:59:54,SWEDEN,87.57180623509163
20960,-5.4,2019-02-19,11:59:54,SWEDEN,89.18111032703901
26410,-4.1,2019-02-19,11:59:54,SWEDEN,84.00919340904984
26400,-3.4,2019-02-19,11:59:54,SWEDEN,76.72526742259443
20120,-8.3,2019-02-19,11:59:54,SWEDEN,78.95969046263284
22780,-7.5,2019-02-19,11:59:54,SWEDEN,75.40679329366276
22760,-12.0,2019-02-19,11:59:54,SWEDEN,77.71273101814701
25130,-0.4,2019-02-19,11:59:54,SWEDEN,93.63872187405376
21740,-8.1,2019-02-19,11:59:54,SWEDEN,72.33701691839056
25550,-5.8,2019-02-19,11:59:54,SWEDEN,78.1237568280617
25540,0.0,2019-02-19,11:59:54,SWEDEN,75.01844046375166
25520,-1.5,2019-02-19,11:59:54,SWEDEN,79.40818586352142
24320,-1.9,2019-02-19,11:59:54,SWEDEN,94.25850367271244
23430,0.0,2019-02-19,11:59:54,SWEDEN,88.97638355603272
21150,-5.7,2019-02-19,11:59:54,SWEDEN,80.61663572128221
21080,-7.6,2019-02-19,11:59:54,SWEDEN,88.29487747651692
22740,-3.2,2019-02-19,11:59:54,SWEDEN,80.9797984131181
24180,-5.1,2019-02-19,11:59:54,SWEDEN,81.96385187834414
20770,-0.9,2019-02-19,11:59:54,SWEDEN,92.24411812889005
20760,-5.6,2019-02-19,11:59:54,SWEDEN,94.08331507163724
26720,-2.3,2019-02-19,11:59:54,SWEDEN,75.17382718316856
24600,-4.3,2019-02-19,11:59:54,SWEDEN,83.98454178411208
25160,1.7,2019-02-19,11:59:54,SWEDEN,95.10353243086632
25180,-3.1,2019-02-19,11:59:54,SWEDEN,83.49562208415144
25120,-4.4,2019-02-19,11:59:54,SWEDEN,80.1865097713484
20660,-4.8,2019-02-19,11:59:54,SWEDEN,71.85727234726855
20620,-9.6,2019-02-19,11:59:54,SWEDEN,89.51960514091087
22970,-3.1,2019-02-19,11:59:54,SWEDEN,73.88463411287628
22960,-3.5,2019-02-19,11:59:54,SWEDEN,82.81157028363086
20430,-6.5,2019-02-19,11:59:54,SWEDEN,94.76684786634803
26230,1.7,2019-02-19,11:59:54,SWEDEN,90.42069815348157
22930,-7.9,2019-02-19,11:59:54,SWEDEN,80.28877351916852
20820,-0.8,2019-02-19,11:59:54,SWEDEN,90.89998534997937
20830,0.0,2019-02-19,11:59:54,SWEDEN,88.97638355603272
20800,-5.9,2019-02-19,11:59:54,SWEDEN,73.93089139196022
25635,3.2,2019-02-19,11:59:54,SWEDEN,95.16162529501135
25660,-3.6,2019-02-19,11:59:54,SWEDEN,73.79040748505199
21760,-6.1,2019-02-19,11:59:54,SWEDEN,80.5576085528741
21730,-3.8,2019-02-19,11:59:54,SWEDEN,76.65676209667812
24040,0.2,2019-02-19,11:59:54,SWEDEN,87.69624844500484
21440,-8.7,2019-02-19,11:59:54,SWEDEN,76.40542920089906
21500,-2.8,2019-02-19,11:59:54,SWEDEN,100.0
24680,-2.4,2019-02-19,11:59:54,SWEDEN,87.4455150524599
24690,0.1,2019-02-19,11:59:54,SWEDEN,94.35001183127744
20580,-1.6,2019-02-19,11:59:54,SWEDEN,87.52345344935553
20440,-10.8,2019-02-19,11:59:54,SWEDEN,81.8148057228192
22470,-9.1,2019-02-19,11:59:54,SWEDEN,75.72154779006614
21350,-2.0,2019-02-19,11:59:54,SWEDEN,83.00659543299165
20950,-3.8,2019-02-19,11:59:54,SWEDEN,132.30623412952465
20940,0.0,2019-02-19,11:59:54,SWEDEN,90.29259655761705
20790,-3.6,2019-02-19,11:59:54,SWEDEN,97.78070565689457
26440,0.4,2019-02-19,11:59:54,SWEDEN,97.8522989397026
21170,-4.1,2019-02-19,11:59:54,SWEDEN,84.65400867658627
21190,-6.4,2019-02-19,11:59:54,SWEDEN,86.37118625239306
26060,-1.7,2019-02-19,11:59:54,SWEDEN,79.97871636443607
21040,-9.0,2019-02-19,11:59:54,SWEDEN,87.46610356530799
26070,-2.3,2019-02-19,11:59:54,SWEDEN,80.49653618762007
23240,-7.4,2019-02-19,11:59:54,SWEDEN,85.58919533721013
23290,-2.3,2019-02-19,11:59:54,SWEDEN,74.60218587162623
26260,-6.5,2019-02-19,11:59:54,SWEDEN,90.47677079538312
25300,1.5,2019-02-19,11:59:54,SWEDEN,78.69274744608835
25260,-3.7,2019-02-19,11:59:54,SWEDEN,80.90795130918895
25590,-0.4,2019-02-19,11:59:54,SWEDEN,75.51188454069707
21470,-3.8,2019-02-19,11:59:54,SWEDEN,77.84663748475424
25760,-4.8,2019-02-19,11:59:54,SWEDEN,72.42166719149652
23160,-0.5,2019-02-19,11:59:54,SWEDEN,60.08276507382081
21280,-5.4,2019-02-19,11:59:54,SWEDEN,81.28941387545467
21290,-2.4,2019-02-19,11:59:54,SWEDEN,92.15082129947179
21330,-6.3,2019-02-19,11:59:54,SWEDEN,87.73312174909978
22980,-2.8,2019-02-19,11:59:54,SWEDEN,92.12566201950457
20200,-9.5,2019-02-19,11:59:54,SWEDEN,80.04531787611431
25640,-4.8,2019-02-19,11:59:54,SWEDEN,65.90257821738274
22590,-8.7,2019-02-19,11:59:54,SWEDEN,83.42798902152005
22670,-3.3,2019-02-19,11:59:54,SWEDEN,81.58533468877185
24410,-2.0,2019-02-19,11:59:54,SWEDEN,82.38380089710469
21670,0.0,2019-02-19,11:59:54,SWEDEN,92.29931147269156
20600,-8.7,2019-02-19,11:59:54,SWEDEN,86.12089737279415
20550,-3.5,2019-02-19,11:59:54,SWEDEN,88.6699648289004
26050,1.7,2019-02-19,11:59:54,SWEDEN,95.78975614003447
26800,-1.5,2019-02-19,11:59:54,SWEDEN,82.45021251134898
22520,-14.8,2019-02-19,11:59:54,SWEDEN,90.55652346929011
22420,-6.2,2019-02-19,11:59:54,SWEDEN,73.29269183198039
24900,-2.7,2019-02-19,11:59:54,SWEDEN,81.05125813393065
26700,-2.1,2019-02-19,11:59:54,SWEDEN,81.13650215542222
21020,-2.9,2019-02-19,11:59:54,SWEDEN,81.02272056276627
25103,-6.7,2019-02-19,11:59:54,SWEDEN,90.46139841825513
23780,-1.6,2019-02-19,11:59:54,SWEDEN,93.57729687799875
23760,-6.6,2019-02-19,11:59:54,SWEDEN,72.6365221085577
23820,-0.8,2019-02-19,11:59:54,SWEDEN,71.01393785980785
25750,1.4,2019-02-19,11:59:54,SWEDEN,69.87446881614147
25490,-0.9,2019-02-19,11:59:54,SWEDEN,81.9153576831926
25480,-0.7,2019-02-19,11:59:54,SWEDEN,93.62344752894298
25440,-2.5,2019-02-19,11:59:54,SWEDEN,75.13786112698784
20880,-6.0,2019-02-19,11:59:54,SWEDEN,94.06390207417292
20870,-5.6,2019-02-19,11:59:54,SWEDEN,86.45670238263247
23050,-2.5,2019-02-19,11:59:54,SWEDEN,88.75877504400992
22600,-9.5,2019-02-19,11:59:54,SWEDEN,90.96154566373923
22710,-4.4,2019-02-19,11:59:54,SWEDEN,74.21358179255141
22690,-1.2,2019-02-19,11:59:54,SWEDEN,86.26879370372735
24853,-3.3,2019-02-19,11:59:54,SWEDEN,82.20942628914979
24520,-0.2,2019-02-19,11:59:54,SWEDEN,97.84178189963477
24530,-1.3,2019-02-19,11:59:54,SWEDEN,78.25158793400846
25820,-3.3,2019-02-19,11:59:54,SWEDEN,76.74234932853258
23310,-9.2,2019-02-19,11:59:54,SWEDEN,86.7533462563334
24740,-6.4,2019-02-19,11:59:54,SWEDEN,78.02521933537257
24760,-2.9,2019-02-19,11:59:54,SWEDEN,70.04094616115768
24640,-4.5,2019-02-19,11:59:54,SWEDEN,76.53619011143674
22880,-5.4,2019-02-19,11:59:54,SWEDEN,83.84796917539464
26160,-0.6,2019-02-19,11:59:54,SWEDEN,84.43184451285215
24290,-2.5,2019-02-19,11:59:54,SWEDEN,93.53064938760102
25500,-4.1,2019-02-19,11:59:54,SWEDEN,89.97307890102722
24560,-1.1,2019-02-19,11:59:54,SWEDEN,72.03949614857301
25900,-3.0,2019-02-19,11:59:54,SWEDEN,80.39397086392636
24500,-1.2,2019-02-19,11:59:54,SWEDEN,70.3946954871817
24110,-1.7,2019-02-19,11:59:54,SWEDEN,95.67276831592525
24100,-9.7,2019-02-19,11:59:54,SWEDEN,77.47183273695427
26360,-3.6,2019-02-19,11:59:54,SWEDEN,84.71314097522273
24810,-1.9,2019-02-19,11:59:54,SWEDEN,63.55429401324951
24820,-2.1,2019-02-19,11:59:54,SWEDEN,69.67109843471997
22320,-7.7,2019-02-19,11:59:54,SWEDEN,96.94857809306278
22310,-8.6,2019-02-19,11:59:54,SWEDEN,73.41102383628593
22860,-8.7,2019-02-19,11:59:54,SWEDEN,88.19114943432623
22870,-1.8,2019-02-19,11:59:54,SWEDEN,72.4519883479604
24350,-3.3,2019-02-19,11:59:54,SWEDEN,75.57230854788658
24360,-10.7,2019-02-19,11:59:54,SWEDEN,63.95317798602462
22610,-7.4,2019-02-19,11:59:54,SWEDEN,82.28913713687534
24060,-12.3,2019-02-19,11:59:54,SWEDEN,81.5997153191632
24000,-6.7,2019-02-19,11:59:54,SWEDEN,80.4685836909921
25880,-1.7,2019-02-19,11:59:54,SWEDEN,77.01326456912669
26660,-2.6,2019-02-19,11:59:54,SWEDEN,76.86142764087323
23330,-2.6,2019-02-19,11:59:54,SWEDEN,89.41860715864674
22861,-1.8,2019-02-19,11:59:54,SWEDEN,93.56697395259354
24860,-1.8,2019-02-19,11:59:54,SWEDEN,75.83720958642425
24880,-0.9,2019-02-19,11:59:54,SWEDEN,97.82941445683063
20740,-3.8,2019-02-19,11:59:54,SWEDEN,93.46237819405472
20750,-5.9,2019-02-19,11:59:54,SWEDEN,99.24085153181478
20860,-10.1,2019-02-19,11:59:54,SWEDEN,83.91778873075128
20650,-8.2,2019-02-19,11:59:54,SWEDEN,88.93570560077679
20640,-2.7,2019-02-19,11:59:54,SWEDEN,71.72163524427995
23550,-0.8,2019-02-19,11:59:54,SWEDEN,65.8055048467182
25200,-4.3,2019-02-19,11:59:54,SWEDEN,79.58587822691281
24580,-4.8,2019-02-19,11:59:54,SWEDEN,80.74851099551842
26040,-2.9,2019-02-19,11:59:54,SWEDEN,87.39644165799902
20920,-1.6,2019-02-19,11:59:54,SWEDEN,86.87276278898995
26480,-0.5,2019-02-19,11:59:54,SWEDEN,92.94895562508698
25410,-7.2,2019-02-19,11:59:54,SWEDEN,82.31648185176081
25420,-1.0,2019-02-19,11:59:54,SWEDEN,97.11287990432209
24460,-5.7,2019-02-19,11:59:54,SWEDEN,72.81406434020458
21510,-0.5,2019-02-19,11:59:54,SWEDEN,90.25443967232712
24283,-0.8,2019-02-19,11:59:54,SWEDEN,79.51460323520524
24260,-1.7,2019-02-19,11:59:54,SWEDEN,90.16195774764554
26380,-2.0,2019-02-19,11:59:54,SWEDEN,83.63357021133505
22360,-5.8,2019-02-19,11:59:54,SWEDEN,71.0913901137262
22340,-12.3,2019-02-19,11:59:54,SWEDEN,92.23719677141077
25710,-2.8,2019-02-19,11:59:54,SWEDEN,80.42335393853607
25700,-4.7,2019-02-19,11:59:54,SWEDEN,75.32136354484159
25720,-7.6,2019-02-19,11:59:54,SWEDEN,61.63603878264983
20240,-3.8,2019-02-19,11:59:54,SWEDEN,43.60087433754749
25890,0.2,2019-02-19,11:59:54,SWEDEN,75.05418272173246
24240,-5.4,2019-02-19,11:59:54,SWEDEN,100.0
24230,-0.4,2019-02-19,11:59:54,SWEDEN,99.27476042586001
21490,-9.3,2019-02-19,11:59:54,SWEDEN,84.69259146014271
21480,-3.4,2019-02-19,11:59:54,SWEDEN,97.05557714633846
25630,-0.7,2019-02-19,11:59:54,SWEDEN,75.45893934782741
25625,-1.8,2019-02-19,11:59:54,SWEDEN,81.79260382379225
25620,-4.9,2019-02-19,11:59:54,SWEDEN,80.73392182751007
26200,-1.5,2019-02-19,11:59:54,SWEDEN,84.32472345939549
25740,-2.9,2019-02-19,11:59:54,SWEDEN,86.08717586267007
25580,-0.7,2019-02-19,11:59:54,SWEDEN,65.82849911632096
25560,-4.8,2019-02-19,11:59:54,SWEDEN,78.89572558274777
26510,-2.0,2019-02-19,11:59:54,SWEDEN,86.8320023094341
26610,-1.6,2019-02-19,11:59:54,SWEDEN,84.31275521162189
25050,0.2,2019-02-19,11:59:54,SWEDEN,90.30779776799781
22450,-2.7,2019-02-19,11:59:54,SWEDEN,92.82378379271776
22820,-6.0,2019-02-19,11:59:54,SWEDEN,84.42625346215084
26500,-1.3,2019-02-19,11:59:54,SWEDEN,77.08029515932536
23190,-14.8,2019-02-19,11:59:54,SWEDEN,79.20744022645347
23170,-13.0,2019-02-19,11:59:54,SWEDEN,98.39271045714331
23210,-3.1,2019-02-19,11:59:54,SWEDEN,90.05242117152747
20730,-3.4,2019-02-19,11:59:54,SWEDEN,93.48349799257169
21910,-8.7,2019-02-19,11:59:54,SWEDEN,86.12089737279415
24090,-12.3,2019-02-19,11:59:54,SWEDEN,56.42473096275853
26110,-0.1,2019-02-19,11:59:54,SWEDEN,100.0
25670,0.3,2019-02-19,11:59:54,SWEDEN,69.64554127591181
25230,-16.3,2019-02-19,11:59:54,SWEDEN,49.663644823368244
25240,-5.0,2019-02-19,11:59:54,SWEDEN,81.97762256443384
22060,-4.7,2019-02-19,11:59:54,SWEDEN,77.09783872686782
21960,-8.6,2019-02-19,11:59:54,SWEDEN,81.47217927162478
23660,-7.9,2019-02-19,11:59:54,SWEDEN,79.02353294320422
22220,-4.8,2019-02-19,11:59:54,SWEDEN,87.20738354565863
21860,-6.6,2019-02-19,11:59:54,SWEDEN,81.11724041542574
20690,-8.5,2019-02-19,11:59:54,SWEDEN,89.61267856797431
23680,-2.0,2019-02-19,11:59:54,SWEDEN,86.8320023094341
25920,-1.2,2019-02-19,11:59:54,SWEDEN,77.6803286010967
23060,-22.8,2019-02-19,11:59:54,SWEDEN,75.75450348757643
21810,-6.2,2019-02-19,11:59:54,SWEDEN,83.74758217767851
20840,-1.6,2019-02-19,11:59:54,SWEDEN,89.5015740668168
25860,-3.5,2019-02-19,11:59:54,SWEDEN,73.24135824901961
20490,-8.6,2019-02-19,11:59:54,SWEDEN,85.45202187265718
20500,-10.4,2019-02-19,11:59:54,SWEDEN,95.35042536770999
22300,-9.0,2019-02-19,11:59:54,SWEDEN,75.73967849481294
26390,-3.6,2019-02-19,11:59:54,SWEDEN,79.08415804049493
21230,-2.8,2019-02-19,11:59:54,SWEDEN,89.4018982511845
26300,-4.8,2019-02-19,11:59:54,SWEDEN,78.89572558274777
25840,-2.4,2019-02-19,11:59:54,SWEDEN,77.48300865569455
25360,-0.8,2019-02-19,11:59:54,SWEDEN,81.9289234205985
25350,-1.1,2019-02-19,11:59:54,SWEDEN,83.12208015642001
24960,-2.2,2019-02-19,11:59:54,SWEDEN,79.90401498906574
25000,0.1,2019-02-19,11:59:54,SWEDEN,80.24437653621193
22840,-9.1,2019-02-19,11:59:54,SWEDEN,94.65289154964694
24150,-2.7,2019-02-19,11:59:54,SWEDEN,82.29021449387338
21630,-0.7,2019-02-19,11:59:54,SWEDEN,80.12693202357922
21200,-4.3,2019-02-19,11:59:54,SWEDEN,63.97031207180361
21990,-8.9,2019-02-19,11:59:54,SWEDEN,94.6617876757239
22440,-3.9,2019-02-19,11:59:54,SWEDEN,97.77519295738203
25080,-3.6,2019-02-19,11:59:54,SWEDEN,83.4323620123189
20910,-2.2,2019-02-19,11:59:54,SWEDEN,88.12294658099164
20900,-1.6,2019-02-19,11:59:54,SWEDEN,86.22637221239664
20890,-0.5,2019-02-19,11:59:54,SWEDEN,89.59173846950425
26220,-1.5,2019-02-19,11:59:54,SWEDEN,84.32472345939549
23360,-5.1,2019-02-19,11:59:54,SWEDEN,81.3321048155216
23370,-1.0,2019-02-19,11:59:54,SWEDEN,87.5814439070121
23380,-3.6,2019-02-19,11:59:54,SWEDEN,84.71314097522273
26250,0.7,2019-02-19,11:59:54,SWEDEN,85.20829634902996
21550,-6.9,2019-02-19,11:59:54,SWEDEN,85.64579613155358
21540,-9.6,2019-02-19,11:59:54,SWEDEN,76.24556652347168
24400,-3.9,2019-02-19,11:59:54,SWEDEN,91.36227136398152
24440,-7.9,2019-02-19,11:59:54,SWEDEN,77.15899337912249
22640,-5.0,2019-02-19,11:59:54,SWEDEN,89.21551475658485
22650,-5.9,2019-02-19,11:59:54,SWEDEN,71.63474749454429
20130,-11.6,2019-02-19,11:59:54,SWEDEN,84.41070974797022
26350,0.0,2019-02-19,11:59:54,SWEDEN,90.29259655761705
23470,-2.9,2019-02-19,11:59:54,SWEDEN,72.79420064704179
21550,-6.6,2019-02-19,11:59:55,SWEDEN,91.17240777151109
21540,-9.6,2019-02-19,11:59:55,SWEDEN,76.24556652347168
22450,-2.7,2019-02-19,11:59:55,SWEDEN,92.82378379271776
22220,-5.6,2019-02-19,11:59:55,SWEDEN,88.48008390866673
25890,0.2,2019-02-19,11:59:55,SWEDEN,75.05418272173246
21440,-8.4,2019-02-19,11:59:55,SWEDEN,74.64045326230672
21500,-2.5,2019-02-19,11:59:55,SWEDEN,92.83529839748435
21910,-7.2,2019-02-19,11:59:55,SWEDEN,83.62082392258378
25920,-1.2,2019-02-19,11:59:55,SWEDEN,77.6803286010967
22880,-5.4,2019-02-19,11:59:55,SWEDEN,83.84796917539464
25750,1.4,2019-02-19,11:59:55,SWEDEN,69.87446881614147
20880,-5.8,2019-02-19,11:59:55,SWEDEN,92.64174884554357
20870,-6.0,2019-02-19,11:59:55,SWEDEN,81.83923132466037
20490,-7.9,2019-02-19,11:59:55,SWEDEN,80.92814073283714
20500,-10.8,2019-02-19,11:59:55,SWEDEN,88.70044687673985
23330,-2.4,2019-02-19,11:59:55,SWEDEN,92.15082129947179
24290,-2.5,2019-02-19,11:59:55,SWEDEN,93.53064938760102
23360,-5.1,2019-02-19,11:59:55,SWEDEN,87.849131921941
23370,-1.0,2019-02-19,11:59:55,SWEDEN,87.5814439070121
23380,-3.6,2019-02-19,11:59:55,SWEDEN,79.69271864216192
24900,-2.3,2019-02-19,11:59:55,SWEDEN,78.68622266270874
21080,-6.6,2019-02-19,11:59:55,SWEDEN,76.77257942761582
20740,-4.1,2019-02-19,11:59:55,SWEDEN,95.58725144566829
20750,-6.2,2019-02-19,11:59:55,SWEDEN,94.77976400693021
20860,-10.1,2019-02-19,11:59:55,SWEDEN,90.19437991767012
22470,-9.1,2019-02-19,11:59:55,SWEDEN,75.72154779006614
25130,-0.4,2019-02-19,11:59:55,SWEDEN,93.63872187405376
22600,-9.1,2019-02-19,11:59:55,SWEDEN,93.17269583484446
22710,-4.4,2019-02-19,11:59:55,SWEDEN,74.21358179255141
22690,-1.2,2019-02-19,11:59:55,SWEDEN,86.26879370372735
25900,-2.9,2019-02-19,11:59:55,SWEDEN,82.88996614705673
22360,-6.7,2019-02-19,11:59:55,SWEDEN,76.15147081347057
22340,-11.8,2019-02-19,11:59:55,SWEDEN,82.34291064900614
26040,-2.9,2019-02-19,11:59:55,SWEDEN,87.39644165799902
21960,-9.3,2019-02-19,11:59:55,SWEDEN,79.4351360323667
25160,1.7,2019-02-19,11:59:55,SWEDEN,95.10353243086632
25180,-3.0,2019-02-19,11:59:55,SWEDEN,82.87693605890465
25120,-4.4,2019-02-19,11:59:55,SWEDEN,80.1865097713484
23780,-1.8,2019-02-19,11:59:55,SWEDEN,94.9638826188212
23760,-7.1,2019-02-19,11:59:55,SWEDEN,75.47949719637543
24320,-1.9,2019-02-19,11:59:55,SWEDEN,92.86967861444097
24060,-12.3,2019-02-19,11:59:55,SWEDEN,81.5997153191632
24000,-6.7,2019-02-19,11:59:55,SWEDEN,74.95653842289477
21230,-2.9,2019-02-19,11:59:55,SWEDEN,90.06817876959632
25230,-16.3,2019-02-19,11:59:55,SWEDEN,41.82629173300231
25240,-4.6,2019-02-19,11:59:55,SWEDEN,79.53984354233867
20600,-8.7,2019-02-19,11:59:55,SWEDEN,86.12089737279415
20550,-1.2,2019-02-19,11:59:55,SWEDEN,78.26756642785212
25500,-3.4,2019-02-19,11:59:55,SWEDEN,79.72309770374653
21150,-4.8,2019-02-19,11:59:55,SWEDEN,75.30330032950049
22740,-3.4,2019-02-19,11:59:55,SWEDEN,82.19590998653179
25635,3.1,2019-02-19,11:59:55,SWEDEN,95.83656274641432
25660,-3.6,2019-02-19,11:59:55,SWEDEN,73.79040748505199
26390,-3.6,2019-02-19,11:59:55,SWEDEN,74.93873311323213
20840,-1.6,2019-02-19,11:59:55,SWEDEN,89.5015740668168
20920,-1.6,2019-02-19,11:59:55,SWEDEN,86.87276278898995
25840,-2.4,2019-02-19,11:59:55,SWEDEN,77.48300865569455
25050,0.2,2019-02-19,11:59:55,SWEDEN,90.30779776799781
26720,-2.3,2019-02-19,11:59:55,SWEDEN,75.17382718316856
26510,-2.0,2019-02-19,11:59:55,SWEDEN,92.17586196253927
26610,-1.6,2019-02-19,11:59:55,SWEDEN,79.99360896559583
20430,-6.0,2019-02-19,11:59:55,SWEDEN,91.21512793037078
26280,0.2,2019-02-19,11:59:55,SWEDEN,97.14090910418261
26230,1.6,2019-02-19,11:59:55,SWEDEN,91.0699254978274
23240,-7.4,2019-02-19,11:59:55,SWEDEN,79.73124270828359
23290,-2.5,2019-02-19,11:59:55,SWEDEN,75.71409532047252
21250,-2.6,2019-02-19,11:59:55,SWEDEN,81.06550382396372
24180,-5.1,2019-02-19,11:59:55,SWEDEN,87.17715394992199
23160,-0.5,2019-02-19,11:59:55,SWEDEN,64.3817991267411
24040,0.3,2019-02-19,11:59:55,SWEDEN,87.06388194820093
26480,-0.5,2019-02-19,11:59:55,SWEDEN,92.94895562508698
20580,-1.9,2019-02-19,11:59:55,SWEDEN,89.47678462336837
21170,-4.1,2019-02-19,11:59:55,SWEDEN,84.65400867658627
21190,-6.4,2019-02-19,11:59:55,SWEDEN,81.14609356665235
20200,-9.5,2019-02-19,11:59:55,SWEDEN,84.6683748004612
22610,-7.4,2019-02-19,11:59:55,SWEDEN,82.28913713687534
25300,1.3,2019-02-19,11:59:55,SWEDEN,81.60930147291053
25260,-3.7,2019-02-19,11:59:55,SWEDEN,85.34872035971092
25590,-1.4,2019-02-19,11:59:55,SWEDEN,81.23525927205625
21810,-7.1,2019-02-19,11:59:55,SWEDEN,81.6852279488077
24520,-0.2,2019-02-19,11:59:55,SWEDEN,97.84178189963477
24530,-1.1,2019-02-19,11:59:55,SWEDEN,77.11370669823475
25860,-3.5,2019-02-19,11:59:55,SWEDEN,76.70816776916205
22440,-3.7,2019-02-19,11:59:55,SWEDEN,96.32257368951275
21660,-1.9,2019-02-19,11:59:55,SWEDEN,89.47678462336837
21610,-1.7,2019-02-19,11:59:55,SWEDEN,87.51374989399355
24150,-2.7,2019-02-19,11:59:55,SWEDEN,78.62298963697856
22640,-4.8,2019-02-19,11:59:55,SWEDEN,87.8778836094035
22650,-6.5,2019-02-19,11:59:55,SWEDEN,81.13167490981265
26260,-6.5,2019-02-19,11:59:55,SWEDEN,90.47677079538312
21520,-1.7,2019-02-19,11:59:55,SWEDEN,87.51374989399355
24460,-6.1,2019-02-19,11:59:55,SWEDEN,75.06677738025427
24283,-0.8,2019-02-19,11:59:55,SWEDEN,76.0115663144443
24260,-2.0,2019-02-19,11:59:55,SWEDEN,92.17586196253927
26300,-4.8,2019-02-19,11:59:55,SWEDEN,78.89572558274777
21740,-8.9,2019-02-19,11:59:55,SWEDEN,76.98669240406056
21490,-10.0,2019-02-19,11:59:55,SWEDEN,89.4854563191427
21480,-3.6,2019-02-19,11:59:55,SWEDEN,94.17898118630953
26250,0.7,2019-02-19,11:59:55,SWEDEN,85.20829634902996
25200,-4.3,2019-02-19,11:59:55,SWEDEN,79.58587822691281
22980,-1.1,2019-02-19,11:59:55,SWEDEN,80.67058182142841
24680,-2.5,2019-02-19,11:59:55,SWEDEN,88.09504211617218
24690,0.1,2019-02-19,11:59:55,SWEDEN,92.98253254007366
21510,-0.5,2019-02-19,11:59:55,SWEDEN,90.25443967232712
20240,-9.8,2019-02-19,11:59:55,SWEDEN,69.10827081813947
22520,-14.8,2019-02-19,11:59:55,SWEDEN,79.20744022645347
22420,-6.9,2019-02-19,11:59:55,SWEDEN,84.31665555572239
23060,-24.1,2019-02-19,11:59:55,SWEDEN,70.12887606774399
26060,-1.7,2019-02-19,11:59:55,SWEDEN,79.97871636443607
21860,-6.6,2019-02-19,11:59:55,SWEDEN,87.70386608082885
25670,0.2,2019-02-19,11:59:55,SWEDEN,72.83880478064872
23660,-7.9,2019-02-19,11:59:55,SWEDEN,79.02353294320422
24810,-2.1,2019-02-19,11:59:55,SWEDEN,64.49837551320185
24820,-2.1,2019-02-19,11:59:55,SWEDEN,74.63876670590291
22590,-7.8,2019-02-19,11:59:55,SWEDEN,77.79283261252749
26360,-3.6,2019-02-19,11:59:55,SWEDEN,88.66102727589946
20130,-10.2,2019-02-19,11:59:55,SWEDEN,75.52084440375111
26220,-1.5,2019-02-19,11:59:55,SWEDEN,87.53314598374334
21470,-4.6,2019-02-19,11:59:55,SWEDEN,77.11477862616844
23430,0.0,2019-02-19,11:59:55,SWEDEN,88.97638355603272
21280,-6.1,2019-02-19,11:59:55,SWEDEN,79.30743176597045
21290,-2.0,2019-02-19,11:59:55,SWEDEN,93.55662641537592
21330,-6.3,2019-02-19,11:59:55,SWEDEN,87.73312174909978
26160,-0.5,2019-02-19,11:59:55,SWEDEN,83.81900805895471
25820,-3.3,2019-02-19,11:59:55,SWEDEN,76.74234932853258
25080,-1.3,2019-02-19,11:59:55,SWEDEN,72.5494071175272
25710,-2.8,2019-02-19,11:59:55,SWEDEN,80.42335393853607
25700,-4.7,2019-02-19,11:59:55,SWEDEN,80.1416451658786
25720,-7.6,2019-02-19,11:59:55,SWEDEN,67.92934905569615
25760,-5.0,2019-02-19,11:59:55,SWEDEN,79.47823298132218
24240,-6.2,2019-02-19,11:59:55,SWEDEN,103.09643926603873
24230,-0.4,2019-02-19,11:59:55,SWEDEN,99.27476042586001
24080,-0.9,2019-02-19,11:59:55,SWEDEN,86.94365177754374
20820,-0.8,2019-02-19,11:59:55,SWEDEN,90.89998534997937
20830,0.0,2019-02-19,11:59:55,SWEDEN,87.03397643353166
20800,-5.9,2019-02-19,11:59:55,SWEDEN,73.93089139196022
26660,-2.6,2019-02-19,11:59:55,SWEDEN,79.23935753521955
25640,-5.7,2019-02-19,11:59:55,SWEDEN,78.14011866459748
24030,-0.1,2019-02-19,11:59:55,SWEDEN,65.46608988594386
20990,-0.6,2019-02-19,11:59:55,SWEDEN,88.2701650776599
20980,-1.3,2019-02-19,11:59:55,SWEDEN,88.86400601855765
20960,-5.4,2019-02-19,11:59:55,SWEDEN,81.92244882399388
21200,-4.3,2019-02-19,11:59:55,SWEDEN,63.97031207180361
25550,-5.8,2019-02-19,11:59:55,SWEDEN,72.79441672245522
25540,0.0,2019-02-19,11:59:55,SWEDEN,72.80046443392642
25520,-1.5,2019-02-19,11:59:55,SWEDEN,79.40818586352142
21760,-6.8,2019-02-19,11:59:55,SWEDEN,87.00386601028637
21730,-4.7,2019-02-19,11:59:55,SWEDEN,82.01884392190053
25880,-1.9,2019-02-19,11:59:55,SWEDEN,80.5548000779741
22930,-7.9,2019-02-19,11:59:55,SWEDEN,80.28877351916852
25630,-0.5,2019-02-19,11:59:55,SWEDEN,71.61420942799982
25625,-1.7,2019-02-19,11:59:55,SWEDEN,81.1930259274044
25620,-4.6,2019-02-19,11:59:55,SWEDEN,78.92729861025079
23470,-3.0,2019-02-19,11:59:55,SWEDEN,73.33716360526049
20770,-1.0,2019-02-19,11:59:55,SWEDEN,92.92079286395739
20760,-5.0,2019-02-19,11:59:55,SWEDEN,89.90087252372714
20690,-8.5,2019-02-19,11:59:55,SWEDEN,81.48649307261289
25740,-2.9,2019-02-19,11:59:55,SWEDEN,81.64093694175408
26410,-3.9,2019-02-19,11:59:55,SWEDEN,82.75901805365821
26400,-3.6,2019-02-19,11:59:55,SWEDEN,77.87942597317523
25410,-5.9,2019-02-19,11:59:55,SWEDEN,67.76902629568713
25420,-1.0,2019-02-19,11:59:55,SWEDEN,97.11287990432209
24350,-3.3,2019-02-19,11:59:55,SWEDEN,75.57230854788658
24360,-10.2,2019-02-19,11:59:55,SWEDEN,56.539805198826755
22780,-8.1,2019-02-19,11:59:55,SWEDEN,78.9916462781835
22760,-14.0,2019-02-19,11:59:55,SWEDEN,91.36988427248464
26350,0.0,2019-02-19,11:59:55,SWEDEN,90.29259655761705
23680,-2.0,2019-02-19,11:59:55,SWEDEN,87.48457293964655
20650,-8.2,2019-02-19,11:59:55,SWEDEN,88.93570560077679
20640,-2.2,2019-02-19,11:59:55,SWEDEN,71.27304909068056
26640,-3.0,2019-02-19,11:59:55,SWEDEN,76.20756162389584
22260,-5.9,2019-02-19,11:59:55,SWEDEN,80.58715429307966
26700,-2.0,2019-02-19,11:59:55,SWEDEN,80.54025751338591
21350,-2.4,2019-02-19,11:59:55,SWEDEN,85.4951825520294
21630,-0.7,2019-02-19,11:59:55,SWEDEN,80.12693202357922
21020,-3.3,2019-02-19,11:59:55,SWEDEN,83.47036003898222
26110,-0.1,2019-02-19,11:59:55,SWEDEN,100.0
20730,-3.9,2019-02-19,11:59:55,SWEDEN,97.0434255682815
20660,-5.5,2019-02-19,11:59:55,SWEDEN,84.48666191338197
20620,-9.6,2019-02-19,11:59:55,SWEDEN,89.51960514091087
24410,-2.2,2019-02-19,11:59:55,SWEDEN,83.6086130977753
26200,-1.5,2019-02-19,11:59:55,SWEDEN,84.32472345939549
23820,-0.8,2019-02-19,11:59:55,SWEDEN,71.01393785980785
26500,-1.3,2019-02-19,11:59:55,SWEDEN,74.78435323266449
24960,-2.4,2019-02-19,11:59:55,SWEDEN,81.09394911765314
25000,0.1,2019-02-19,11:59:55,SWEDEN,80.24437653621193
23190,-14.8,2019-02-19,11:59:55,SWEDEN,90.55652346929011
23170,-13.0,2019-02-19,11:59:55,SWEDEN,85.63466992207461
23210,-0.9,2019-02-19,11:59:55,SWEDEN,76.56870194597867
22860,-8.1,2019-02-19,11:59:55,SWEDEN,77.12467967346856
22870,-1.8,2019-02-19,11:59:55,SWEDEN,75.26342292843387
22820,-5.4,2019-02-19,11:59:55,SWEDEN,80.66073766362155
24853,-3.5,2019-02-19,11:59:55,SWEDEN,79.09975232338009
22300,-8.3,2019-02-19,11:59:55,SWEDEN,65.07246339672702
24560,-1.4,2019-02-19,11:59:55,SWEDEN,68.75926383106284
26800,-1.4,2019-02-19,11:59:55,SWEDEN,81.8473086585495
24090,-12.3,2019-02-19,11:59:55,SWEDEN,49.162623938680525
24110,-1.7,2019-02-19,11:59:55,SWEDEN,95.67276831592525
24100,-9.3,2019-02-19,11:59:55,SWEDEN,82.68575348373524
24500,-1.0,2019-02-19,11:59:55,SWEDEN,69.3719036597723
26440,0.5,2019-02-19,11:59:55,SWEDEN,97.85404433135588
25490,-0.9,2019-02-19,11:59:55,SWEDEN,81.9153576831926
25480,-0.7,2019-02-19,11:59:55,SWEDEN,92.25643373622192
25440,-2.5,2019-02-19,11:59:55,SWEDEN,79.25478703365184
23550,-0.6,2019-02-19,11:59:55,SWEDEN,62.413870344729105
22861,-1.9,2019-02-19,11:59:55,SWEDEN,93.56180326528583
26070,-2.6,2019-02-19,11:59:55,SWEDEN,82.3036277832477
26380,-2.0,2019-02-19,11:59:55,SWEDEN,87.48457293964655
22840,-8.5,2019-02-19,11:59:55,SWEDEN,86.14292634536744
25360,-0.7,2019-02-19,11:59:55,SWEDEN,85.68351793124346
25350,-1.0,2019-02-19,11:59:55,SWEDEN,82.51626377978262
24860,-1.9,2019-02-19,11:59:55,SWEDEN,71.33366442745881
24880,-1.1,2019-02-19,11:59:55,SWEDEN,99.27057221169639
23050,-2.5,2019-02-19,11:59:55,SWEDEN,88.75877504400992
25103,-6.7,2019-02-19,11:59:55,SWEDEN,83.03221400290072
24580,-5.2,2019-02-19,11:59:55,SWEDEN,78.221667460003
24740,-6.0,2019-02-19,11:59:55,SWEDEN,80.57238947300448
24760,-2.9,2019-02-19,11:59:55,SWEDEN,70.04094616115768
24640,-4.5,2019-02-19,11:59:55,SWEDEN,76.53619011143674
21990,-8.1,2019-02-19,11:59:55,SWEDEN,79.62286373071402
23310,-9.2,2019-02-19,11:59:55,SWEDEN,93.90513863384426
24400,-3.9,2019-02-19,11:59:55,SWEDEN,91.36227136398152
24440,-7.3,2019-02-19,11:59:55,SWEDEN,73.6631209603221
20120,-7.5,2019-02-19,11:59:55,SWEDEN,74.21441464950934
22670,-2.6,2019-02-19,11:59:55,SWEDEN,77.44988163480996
21040,-9.0,2019-02-19,11:59:55,SWEDEN,87.46610356530799
22320,-6.7,2019-02-19,11:59:55,SWEDEN,85.00241936276412
22310,-8.1,2019-02-19,11:59:55,SWEDEN,65.65197907846225
25580,-0.7,2019-02-19,11:59:55,SWEDEN,69.43534990158304
25560,-5.2,2019-02-19,11:59:55,SWEDEN,86.49916733637491
20910,-2.3,2019-02-19,11:59:55,SWEDEN,88.77641454421543
20900,-1.3,2019-02-19,11:59:55,SWEDEN,88.86400601855765
20890,-0.4,2019-02-19,11:59:55,SWEDEN,90.92863796987683
20440,-10.8,2019-02-19,11:59:55,SWEDEN,75.41038424690079
22970,-3.4,2019-02-19,11:59:55,SWEDEN,79.72309770374653
22960,-3.5,2019-02-19,11:59:55,SWEDEN,82.81157028363086
21670,0.0,2019-02-19,11:59:55,SWEDEN,93.65900343482977
26050,1.6,2019-02-19,11:59:55,SWEDEN,94.41722926604892
20570,-4.1,2019-02-19,11:59:55,SWEDEN,92.74240929647604
24600,-4.3,2019-02-19,11:59:55,SWEDEN,79.58587822691281
20950,-3.6,2019-02-19,11:59:55,SWEDEN,86.0113738402687
20940,0.0,2019-02-19,11:59:55,SWEDEN,88.97638355603272
20790,-3.3,2019-02-19,11:59:55,SWEDEN,95.6160344105342
25640,-5.7,2019-02-19,11:59:56,SWEDEN,78.14011866459748
21860,-5.6,2019-02-19,11:59:56,SWEDEN,81.26087529294959
21810,-6.2,2019-02-19,11:59:56,SWEDEN,83.74758217767851
21350,-2.0,2019-02-19,11:59:56,SWEDEN,83.00659543299165
24600,-4.3,2019-02-19,11:59:56,SWEDEN,79.58587822691281
26360,-3.6,2019-02-19,11:59:56,SWEDEN,84.71314097522273
24460,-5.7,2019-02-19,11:59:56,SWEDEN,77.531677054765
20770,-0.9,2019-02-19,11:59:56,SWEDEN,92.24411812889005
20760,-5.6,2019-02-19,11:59:56,SWEDEN,102.30263329137968
23820,-0.7,2019-02-19,11:59:56,SWEDEN,70.49764515634426
26040,-2.9,2019-02-19,11:59:56,SWEDEN,87.39644165799902
22860,-8.7,2019-02-19,11:59:56,SWEDEN,80.8104183598256
22870,-1.8,2019-02-19,11:59:56,SWEDEN,72.4519883479604
22060,-5.2,2019-02-19,11:59:56,SWEDEN,75.82074078377596
25630,-0.7,2019-02-19,11:59:56,SWEDEN,75.45893934782741
25625,-1.8,2019-02-19,11:59:56,SWEDEN,84.92330107963474
25620,-4.9,2019-02-19,11:59:56,SWEDEN,80.73392182751007
25740,-3.0,2019-02-19,11:59:56,SWEDEN,86.72928948237622
25160,1.7,2019-02-19,11:59:56,SWEDEN,95.10353243086632
25180,-3.1,2019-02-19,11:59:56,SWEDEN,83.49562208415144
25120,-4.2,2019-02-19,11:59:56,SWEDEN,78.99024298899757
26380,-2.2,2019-02-19,11:59:56,SWEDEN,84.87696291797194
25200,-4.6,2019-02-19,11:59:56,SWEDEN,85.90203778919692
25760,-5.0,2019-02-19,11:59:56,SWEDEN,79.47823298132218
24740,-6.4,2019-02-19,11:59:56,SWEDEN,78.02521933537257
24760,-3.0,2019-02-19,11:59:56,SWEDEN,65.80498883260934
24640,-4.8,2019-02-19,11:59:56,SWEDEN,78.28659540293891
21250,-2.6,2019-02-19,11:59:56,SWEDEN,81.06550382396372
24960,-2.2,2019-02-19,11:59:56,SWEDEN,81.7376614808328
25000,0.1,2019-02-19,11:59:56,SWEDEN,77.89133404708596
25360,-0.8,2019-02-19,11:59:56,SWEDEN,86.31102506310418
25350,-1.1,2019-02-19,11:59:56,SWEDEN,83.12208015642001
26640,-3.3,2019-02-19,11:59:56,SWEDEN,82.20942628914979
24350,-3.3,2019-02-19,11:59:56,SWEDEN,75.57230854788658
24360,-10.7,2019-02-19,11:59:56,SWEDEN,58.82316859925629
26510,-2.1,2019-02-19,11:59:56,SWEDEN,87.47482513782747
26610,-1.8,2019-02-19,11:59:56,SWEDEN,81.17891780918457
24090,-12.3,2019-02-19,11:59:56,SWEDEN,49.162623938680525
21440,-8.4,2019-02-19,11:59:56,SWEDEN,74.64045326230672
21500,-2.8,2019-02-19,11:59:56,SWEDEN,100.0
24810,-2.1,2019-02-19,11:59:56,SWEDEN,68.08184653644034
24820,-2.2,2019-02-19,11:59:56,SWEDEN,75.19178278929836
20740,-3.8,2019-02-19,11:59:56,SWEDEN,90.68077595286753
20750,-5.9,2019-02-19,11:59:56,SWEDEN,99.24085153181478
20860,-10.1,2019-02-19,11:59:56,SWEDEN,90.19437991767012
24110,-1.5,2019-02-19,11:59:56,SWEDEN,94.27698045042605
24100,-9.7,2019-02-19,11:59:56,SWEDEN,85.3246052026303
26350,0.0,2019-02-19,11:59:56,SWEDEN,90.29259655761705
24400,-3.9,2019-02-19,11:59:56,SWEDEN,88.63415251301771
24440,-7.3,2019-02-19,11:59:56,SWEDEN,81.01575365455102
22360,-6.7,2019-02-19,11:59:56,SWEDEN,69.78359233689618
22340,-11.8,2019-02-19,11:59:56,SWEDEN,82.34291064900614
25920,-1.5,2019-02-19,11:59:56,SWEDEN,79.40818586352142
21660,-1.8,2019-02-19,11:59:56,SWEDEN,88.82033609706264
21610,-1.7,2019-02-19,11:59:56,SWEDEN,87.51374989399355
20820,-0.8,2019-02-19,11:59:56,SWEDEN,92.25027954877831
20830,0.0,2019-02-19,11:59:56,SWEDEN,87.03397643353166
20800,-5.3,2019-02-19,11:59:56,SWEDEN,75.21270478259483
20840,-1.9,2019-02-19,11:59:56,SWEDEN,95.66573653580338
24560,-1.1,2019-02-19,11:59:56,SWEDEN,67.26434216720881
23360,-5.1,2019-02-19,11:59:56,SWEDEN,87.849131921941
23370,-1.0,2019-02-19,11:59:56,SWEDEN,87.5814439070121
23380,-3.6,2019-02-19,11:59:56,SWEDEN,84.71314097522273
21080,-6.6,2019-02-19,11:59:56,SWEDEN,81.75546146304958
23060,-22.8,2019-02-19,11:59:56,SWEDEN,75.75450348757643
22520,-13.5,2019-02-19,11:59:56,SWEDEN,71.2203330517097
22420,-6.2,2019-02-19,11:59:56,SWEDEN,73.29269183198039
20730,-3.4,2019-02-19,11:59:56,SWEDEN,89.35153837773278
26280,0.2,2019-02-19,11:59:56,SWEDEN,97.84880178584133
25130,-0.4,2019-02-19,11:59:56,SWEDEN,93.63872187405376
26160,-0.6,2019-02-19,11:59:56,SWEDEN,84.43184451285215
23190,-13.8,2019-02-19,11:59:56,SWEDEN,72.9810814414065
23170,-11.8,2019-02-19,11:59:56,SWEDEN,77.74685006640215
23210,-2.8,2019-02-19,11:59:56,SWEDEN,94.92289468315106
20120,-7.5,2019-02-19,11:59:56,SWEDEN,79.08709956772853
26230,1.6,2019-02-19,11:59:56,SWEDEN,89.11242428257479
23240,-7.4,2019-02-19,11:59:56,SWEDEN,79.73124270828359
23290,-2.3,2019-02-19,11:59:56,SWEDEN,74.60218587162623
20240,-9.8,2019-02-19,11:59:56,SWEDEN,75.59409684424845
26300,-4.5,2019-02-19,11:59:56,SWEDEN,77.13170078608684
25750,1.2,2019-02-19,11:59:56,SWEDEN,73.0293821507237
22930,-7.9,2019-02-19,11:59:56,SWEDEN,80.28877351916852
26390,-3.4,2019-02-19,11:59:56,SWEDEN,77.91214558563478
22861,-1.9,2019-02-19,11:59:56,SWEDEN,94.25850367271244
26480,-0.4,2019-02-19,11:59:56,SWEDEN,92.27485301514403
22880,-5.4,2019-02-19,11:59:56,SWEDEN,83.84796917539464
23780,-1.6,2019-02-19,11:59:56,SWEDEN,93.57729687799875
23760,-6.6,2019-02-19,11:59:56,SWEDEN,72.6365221085577
22220,-5.6,2019-02-19,11:59:56,SWEDEN,88.48008390866673
24283,-0.7,2019-02-19,11:59:56,SWEDEN,78.93650813575896
24260,-2.0,2019-02-19,11:59:56,SWEDEN,97.0892077836979
25050,0.2,2019-02-19,11:59:56,SWEDEN,92.98810567223708
24240,-5.4,2019-02-19,11:59:56,SWEDEN,100.0
24230,-0.4,2019-02-19,11:59:56,SWEDEN,99.27476042586001
21490,-9.3,2019-02-19,11:59:56,SWEDEN,84.69259146014271
21480,-3.6,2019-02-19,11:59:56,SWEDEN,98.51555934005334
26250,0.6,2019-02-19,11:59:56,SWEDEN,87.73417179608792
22260,-6.3,2019-02-19,11:59:56,SWEDEN,83.08462563989426
25230,-16.8,2019-02-19,11:59:56,SWEDEN,43.60960086612134
25240,-5.0,2019-02-19,11:59:56,SWEDEN,81.97762256443384
26260,-6.5,2019-02-19,11:59:56,SWEDEN,82.41171067955368
21760,-6.1,2019-02-19,11:59:56,SWEDEN,82.46579557166767
21730,-3.8,2019-02-19,11:59:56,SWEDEN,76.65676209667812
22970,-3.4,2019-02-19,11:59:56,SWEDEN,75.55450329984608
22960,-3.5,2019-02-19,11:59:56,SWEDEN,79.09975232338009
24680,-2.5,2019-02-19,11:59:56,SWEDEN,88.09504211617218
24690,0.1,2019-02-19,11:59:56,SWEDEN,92.98253254007366
22470,-8.7,2019-02-19,11:59:56,SWEDEN,73.39149242796591
21040,-9.0,2019-02-19,11:59:56,SWEDEN,87.46610356530799
22300,-8.3,2019-02-19,11:59:56,SWEDEN,71.7166477160855
25890,0.2,2019-02-19,11:59:56,SWEDEN,77.90744775485334
23550,-0.7,2019-02-19,11:59:56,SWEDEN,65.32707901900014
25900,-2.9,2019-02-19,11:59:56,SWEDEN,79.79876174896553
25670,0.2,2019-02-19,11:59:56,SWEDEN,70.15139405859458
26410,-3.9,2019-02-19,11:59:56,SWEDEN,87.96354379163144
26400,-3.4,2019-02-19,11:59:56,SWEDEN,128.41057913499597
21150,-4.8,2019-02-19,11:59:56,SWEDEN,75.30330032950049
24520,-0.3,2019-02-19,11:59:56,SWEDEN,97.12927984191765
24530,-1.3,2019-02-19,11:59:56,SWEDEN,78.25158793400846
24860,-1.9,2019-02-19,11:59:56,SWEDEN,71.33366442745881
24880,-0.9,2019-02-19,11:59:56,SWEDEN,95.70072630699033
22610,-7.4,2019-02-19,11:59:56,SWEDEN,75.42499767839263
21990,-8.9,2019-02-19,11:59:56,SWEDEN,84.74085854663547
20430,-6.5,2019-02-19,11:59:56,SWEDEN,94.76684786634803
22590,-7.8,2019-02-19,11:59:56,SWEDEN,84.8724596375047
25080,-3.2,2019-02-19,11:59:56,SWEDEN,83.48299804567297
25580,-0.7,2019-02-19,11:59:56,SWEDEN,65.82849911632096
25560,-5.2,2019-02-19,11:59:56,SWEDEN,81.31789006461752
23430,0.0,2019-02-19,11:59:56,SWEDEN,88.97638355603272
22640,-5.0,2019-02-19,11:59:56,SWEDEN,89.21551475658485
22650,-6.5,2019-02-19,11:59:56,SWEDEN,74.99336068481597
26060,-1.7,2019-02-19,11:59:56,SWEDEN,79.97871636443607
21550,-6.9,2019-02-19,11:59:56,SWEDEN,93.29520537254747
21540,-11.5,2019-02-19,11:59:56,SWEDEN,98.41331151658952
21740,-8.9,2019-02-19,11:59:56,SWEDEN,76.98669240406056
25590,-1.4,2019-02-19,11:59:56,SWEDEN,75.33477249251074
24040,0.2,2019-02-19,11:59:56,SWEDEN,87.69624844500484
22670,-2.6,2019-02-19,11:59:56,SWEDEN,81.68248032305043
22320,-7.7,2019-02-19,11:59:56,SWEDEN,96.94857809306278
22310,-8.1,2019-02-19,11:59:56,SWEDEN,70.61118545303064
21630,-0.7,2019-02-19,11:59:56,SWEDEN,80.12693202357922
20570,-4.4,2019-02-19,11:59:56,SWEDEN,93.4305078057893
20440,-10.2,2019-02-19,11:59:56,SWEDEN,78.01715171943748
22980,-2.8,2019-02-19,11:59:56,SWEDEN,92.12566201950457
20920,-1.5,2019-02-19,11:59:56,SWEDEN,86.23699547038358
26440,0.5,2019-02-19,11:59:56,SWEDEN,97.85404433135588
23160,-0.6,2019-02-19,11:59:56,SWEDEN,64.85252187073513
24853,-3.3,2019-02-19,11:59:56,SWEDEN,82.20942628914979
24150,-2.7,2019-02-19,11:59:56,SWEDEN,78.62298963697856
20650,-9.1,2019-02-19,11:59:56,SWEDEN,87.45605134886338
20640,-2.2,2019-02-19,11:59:56,SWEDEN,69.11630763387406
21170,-4.5,2019-02-19,11:59:56,SWEDEN,87.23750914770348
21190,-6.4,2019-02-19,11:59:56,SWEDEN,86.37118625239306
22780,-7.5,2019-02-19,11:59:56,SWEDEN,75.40679329366276
22760,-14.0,2019-02-19,11:59:56,SWEDEN,78.67561031260152
21200,-4.3,2019-02-19,11:59:56,SWEDEN,63.97031207180361
23470,-2.9,2019-02-19,11:59:56,SWEDEN,72.79420064704179
20130,-11.6,2019-02-19,11:59:56,SWEDEN,79.0683598328681
21280,-5.4,2019-02-19,11:59:56,SWEDEN,75.19452961521824
21290,-2.4,2019-02-19,11:59:56,SWEDEN,96.361509740411
21330,-6.3,2019-02-19,11:59:56,SWEDEN,94.04928024034557
21910,-8.7,2019-02-19,11:59:56,SWEDEN,86.12089737279415
20950,-3.8,2019-02-19,11:59:56,SWEDEN,92.75996123325166
20940,0.0,2019-02-19,11:59:56,SWEDEN,90.29259655761705
20790,-3.6,2019-02-19,11:59:56,SWEDEN,94.88974631428891
26800,-1.5,2019-02-19,11:59:56,SWEDEN,82.45021251134898
24410,-2.0,2019-02-19,11:59:56,SWEDEN,82.38380089710469
26200,-1.6,2019-02-19,11:59:56,SWEDEN,89.5015740668168
24060,-10.7,2019-02-19,11:59:56,SWEDEN,60.82924461310173
24000,-6.3,2019-02-19,11:59:56,SWEDEN,78.04168599404244
23680,-1.9,2019-02-19,11:59:56,SWEDEN,86.19443065553102
25300,1.3,2019-02-19,11:59:56,SWEDEN,79.82918169450932
25260,-3.7,2019-02-19,11:59:56,SWEDEN,80.90795130918895
20690,-8.5,2019-02-19,11:59:56,SWEDEN,89.61267856797431
25840,-2.4,2019-02-19,11:59:56,SWEDEN,75.15585330328516
23330,-2.6,2019-02-19,11:59:56,SWEDEN,89.41860715864674
21520,-1.4,2019-02-19,11:59:56,SWEDEN,88.19689195620948
26500,-1.5,2019-02-19,11:59:56,SWEDEN,78.21958079098191
24500,-1.2,2019-02-19,11:59:56,SWEDEN,72.56883338493043
26700,-2.0,2019-02-19,11:59:56,SWEDEN,75.2276392707879
21960,-8.6,2019-02-19,11:59:56,SWEDEN,81.47217927162478
20490,-7.9,2019-02-19,11:59:56,SWEDEN,80.92814073283714
20500,-10.4,2019-02-19,11:59:56,SWEDEN,85.9315744311211
22440,-3.7,2019-02-19,11:59:56,SWEDEN,92.76579792206284
24030,-0.1,2019-02-19,11:59:56,SWEDEN,65.46608988594386
25880,-1.7,2019-02-19,11:59:56,SWEDEN,79.37763593011418
21230,-2.8,2019-02-19,11:59:56,SWEDEN,88.0670415614579
25490,-0.9,2019-02-19,11:59:56,SWEDEN,81.9153576831926
25480,-0.7,2019-02-19,11:59:56,SWEDEN,93.62344752894298
25440,-3.1,2019-02-19,11:59:56,SWEDEN,78.55948915723974
24900,-2.7,2019-02-19,11:59:56,SWEDEN,74.5288018918281
20990,-0.6,2019-02-19,11:59:56,SWEDEN,90.91432830663767
20980,-1.1,2019-02-19,11:59:56,SWEDEN,90.87840826799206
20960,-5.4,2019-02-19,11:59:56,SWEDEN,81.92244882399388
21510,-0.5,2019-02-19,11:59:56,SWEDEN,90.25443967232712
25410,-5.9,2019-02-19,11:59:56,SWEDEN,74.51507696210507
25420,-1.0,2019-02-19,11:59:56,SWEDEN,95.69724628623466
23050,-2.5,2019-02-19,11:59:56,SWEDEN,91.45835575380151
22840,-8.5,2019-02-19,11:59:56,SWEDEN,86.14292634536744
25103,-6.2,2019-02-19,11:59:56,SWEDEN,79.91512715424989
20580,-1.6,2019-02-19,11:59:56,SWEDEN,89.5015740668168
21670,0.0,2019-02-19,11:59:56,SWEDEN,93.65900343482977
23660,-7.9,2019-02-19,11:59:56,SWEDEN,85.53226930472371
25820,-3.3,2019-02-19,11:59:56,SWEDEN,79.13089118000605
23310,-9.9,2019-02-19,11:59:56,SWEDEN,99.21467630162833
22600,-9.5,2019-02-19,11:59:56,SWEDEN,96.14106356704785
22710,-4.2,2019-02-19,11:59:56,SWEDEN,73.10642245925631
22690,-1.5,2019-02-19,11:59:56,SWEDEN,88.18768571160052
26110,-0.1,2019-02-19,11:59:56,SWEDEN,100.0
24290,-2.5,2019-02-19,11:59:56,SWEDEN,93.53064938760102
26660,-2.6,2019-02-19,11:59:56,SWEDEN,79.23935753521955
22820,-5.4,2019-02-19,11:59:56,SWEDEN,80.66073766362155
21020,-2.9,2019-02-19,11:59:56,SWEDEN,85.43910395316232
25500,-3.4,2019-02-19,11:59:56,SWEDEN,79.72309770374653
25635,3.1,2019-02-19,11:59:56,SWEDEN,97.20699252892513
25660,-4.0,2019-02-19,11:59:56,SWEDEN,76.03282420008681
20910,-2.3,2019-02-19,11:59:56,SWEDEN,88.77641454421543
20900,-1.3,2019-02-19,11:59:56,SWEDEN,88.86400601855765
20890,-0.5,2019-02-19,11:59:56,SWEDEN,91.59290597108397
25860,-3.5,2019-02-19,11:59:56,SWEDEN,76.70816776916205
25710,-2.8,2019-02-19,11:59:56,SWEDEN,76.24229326277393
25700,-4.7,2019-02-19,11:59:56,SWEDEN,80.1416451658786
25720,-8.5,2019-02-19,11:59:56,SWEDEN,66.09296449934246
24080,-1.0,2019-02-19,11:59:56,SWEDEN,92.92079286395739
24580,-4.8,2019-02-19,11:59:56,SWEDEN,80.74851099551842
22450,-2.7,2019-02-19,11:59:56,SWEDEN,94.22128350937842
21470,-3.8,2019-02-19,11:59:57,SWEDEN,77.84663748475424
26800,-1.4,2019-02-19,11:59:57,SWEDEN,81.8473086585495
22360,-5.8,2019-02-19,11:59:57,SWEDEN,71.0913901137262
22340,-11.8,2019-02-19,11:59:57,SWEDEN,82.34291064900614
25860,-1.1,2019-02-19,11:59:57,SWEDEN,64.23940820996746
20950,-3.6,2019-02-19,11:59:57,SWEDEN,91.38299465255452
20940,0.0,2019-02-19,11:59:57,SWEDEN,88.97638355603272
20790,-3.6,2019-02-19,11:59:57,SWEDEN,97.78070565689457
20770,-0.9,2019-02-19,11:59:57,SWEDEN,92.24411812889005
20760,-5.6,2019-02-19,11:59:57,SWEDEN,102.30263329137968
21170,-4.1,2019-02-19,11:59:57,SWEDEN,80.85019292925567
21190,-6.4,2019-02-19,11:59:57,SWEDEN,81.14609356665235
21020,-2.9,2019-02-19,11:59:57,SWEDEN,85.43910395316232
20990,-0.6,2019-02-19,11:59:57,SWEDEN,88.2701650776599
20980,-1.1,2019-02-19,11:59:57,SWEDEN,87.57180623509163
20960,-4.2,2019-02-19,11:59:57,SWEDEN,81.45934111716862
25490,-0.9,2019-02-19,11:59:57,SWEDEN,85.66154608825286
25480,-0.7,2019-02-19,11:59:57,SWEDEN,92.25643373622192
25440,-3.1,2019-02-19,11:59:57,SWEDEN,82.86389164188223
25670,0.3,2019-02-19,11:59:57,SWEDEN,72.31357342095825
24740,-6.4,2019-02-19,11:59:57,SWEDEN,78.02521933537257
24760,-3.0,2019-02-19,11:59:57,SWEDEN,70.56337293397841
24640,-4.5,2019-02-19,11:59:57,SWEDEN,80.79218356061504
25820,-3.5,2019-02-19,11:59:57,SWEDEN,77.89579437767941
24580,-5.2,2019-02-19,11:59:57,SWEDEN,78.221667460003
25635,3.1,2019-02-19,11:59:57,SWEDEN,97.20699252892513
25660,-3.6,2019-02-19,11:59:57,SWEDEN,73.79040748505199
25840,-2.5,2019-02-19,11:59:57,SWEDEN,78.05853629790164
23820,-0.8,2019-02-19,11:59:57,SWEDEN,71.01393785980785
21230,-2.8,2019-02-19,11:59:57,SWEDEN,88.0670415614579
20820,-0.8,2019-02-19,11:59:57,SWEDEN,92.25027954877831
20830,0.0,2019-02-19,11:59:57,SWEDEN,88.97638355603272
20800,-5.9,2019-02-19,11:59:57,SWEDEN,73.93089139196022
23160,-0.5,2019-02-19,11:59:57,SWEDEN,60.08276507382081
20130,-3.5,2019-02-19,11:59:57,SWEDEN,45.14307197530522
20880,-5.8,2019-02-19,11:59:57,SWEDEN,85.76918476660684
20870,-6.0,2019-02-19,11:59:57,SWEDEN,89.129200831345
25590,-1.4,2019-02-19,11:59:57,SWEDEN,75.33477249251074
22060,-4.7,2019-02-19,11:59:57,SWEDEN,73.00945845643274
22861,-1.8,2019-02-19,11:59:57,SWEDEN,93.56697395259354
26360,-3.5,2019-02-19,11:59:57,SWEDEN,84.08281940742583
20240,-9.8,2019-02-19,11:59:57,SWEDEN,75.59409684424845
24520,-0.3,2019-02-19,11:59:57,SWEDEN,97.12927984191765
24530,-1.1,2019-02-19,11:59:57,SWEDEN,80.67058182142841
21990,-8.9,2019-02-19,11:59:57,SWEDEN,84.74085854663547
21740,-8.1,2019-02-19,11:59:57,SWEDEN,79.62286373071402
25750,1.2,2019-02-19,11:59:57,SWEDEN,73.0293821507237
26640,-3.0,2019-02-19,11:59:57,SWEDEN,76.20756162389584
22520,-13.5,2019-02-19,11:59:57,SWEDEN,71.2203330517097
22420,-6.9,2019-02-19,11:59:57,SWEDEN,84.31665555572239
21910,-7.2,2019-02-19,11:59:57,SWEDEN,83.62082392258378
21440,-8.4,2019-02-19,11:59:57,SWEDEN,74.64045326230672
21500,-2.5,2019-02-19,11:59:57,SWEDEN,97.8007452336604
23330,-2.4,2019-02-19,11:59:57,SWEDEN,88.1043542599548
25230,-16.8,2019-02-19,11:59:57,SWEDEN,43.60960086612134
25240,-5.0,2019-02-19,11:59:57,SWEDEN,81.97762256443384
23360,-5.1,2019-02-19,11:59:57,SWEDEN,81.3321048155216
23370,-1.0,2019-02-19,11:59:57,SWEDEN,90.88560899853698
23380,-1.6,2019-02-19,11:59:57,SWEDEN,68.71614020256854
24090,-12.3,2019-02-19,11:59:57,SWEDEN,56.42473096275853
26350,0.0,2019-02-19,11:59:57,SWEDEN,90.29259655761705
23780,-1.6,2019-02-19,11:59:57,SWEDEN,93.57729687799875
23760,-7.1,2019-02-19,11:59:57,SWEDEN,81.04482961054985
22640,-4.8,2019-02-19,11:59:57,SWEDEN,87.8778836094035
22650,-6.5,2019-02-19,11:59:57,SWEDEN,74.99336068481597
24900,-2.3,2019-02-19,11:59:57,SWEDEN,72.35408845541748
26220,-1.5,2019-02-19,11:59:57,SWEDEN,84.32472345939549
26200,-1.6,2019-02-19,11:59:57,SWEDEN,89.5015740668168
23310,-9.2,2019-02-19,11:59:57,SWEDEN,86.7533462563334
22260,-6.3,2019-02-19,11:59:57,SWEDEN,78.65676497462152
24283,-0.7,2019-02-19,11:59:57,SWEDEN,78.93650813575896
24260,-1.7,2019-02-19,11:59:57,SWEDEN,90.16195774764554
26720,-2.7,2019-02-19,11:59:57,SWEDEN,81.66864756487313
21670,0.0,2019-02-19,11:59:57,SWEDEN,92.29931147269156
23190,-14.8,2019-02-19,11:59:57,SWEDEN,90.55652346929011
23170,-13.0,2019-02-19,11:59:57,SWEDEN,98.39271045714331
23210,-1.0,2019-02-19,11:59:57,SWEDEN,83.13484176183611
26390,-3.4,2019-02-19,11:59:57,SWEDEN,77.91214558563478
20120,-7.5,2019-02-19,11:59:57,SWEDEN,74.21441464950934
20920,-1.5,2019-02-19,11:59:57,SWEDEN,86.23699547038358
25130,-0.4,2019-02-19,11:59:57,SWEDEN,93.63872187405376
21510,-0.5,2019-02-19,11:59:57,SWEDEN,90.25443967232712
25920,-1.2,2019-02-19,11:59:57,SWEDEN,75.3703387579005
22880,-5.9,2019-02-19,11:59:57,SWEDEN,83.13680375760269
20910,-2.3,2019-02-19,11:59:57,SWEDEN,88.77641454421543
20900,-1.6,2019-02-19,11:59:57,SWEDEN,86.22637221239664
20890,-0.4,2019-02-19,11:59:57,SWEDEN,90.92863796987683
24350,-2.9,2019-02-19,11:59:57,SWEDEN,73.3562672414373
24360,-10.7,2019-02-19,11:59:57,SWEDEN,58.82316859925629
24810,-1.9,2019-02-19,11:59:57,SWEDEN,63.55429401324951
24820,-2.1,2019-02-19,11:59:57,SWEDEN,74.63876670590291
26300,-4.8,2019-02-19,11:59:57,SWEDEN,83.2791002682898
22860,-8.1,2019-02-19,11:59:57,SWEDEN,77.12467967346856
22870,-1.6,2019-02-19,11:59:57,SWEDEN,71.39410306392288
26660,-2.6,2019-02-19,11:59:57,SWEDEN,76.86142764087323
21350,-2.0,2019-02-19,11:59:57,SWEDEN,83.00659543299165
22470,-9.1,2019-02-19,11:59:57,SWEDEN,75.72154779006614
20690,-8.5,2019-02-19,11:59:57,SWEDEN,81.48649307261289
23240,-6.8,2019-02-19,11:59:57,SWEDEN,81.72741462641034
23290,-2.3,2019-02-19,11:59:57,SWEDEN,74.60218587162623
26230,1.6,2019-02-19,11:59:57,SWEDEN,89.11242428257479
21280,-5.4,2019-02-19,11:59:57,SWEDEN,81.28941387545467
21290,-2.4,2019-02-19,11:59:57,SWEDEN,92.15082129947179
21330,-6.7,2019-02-19,11:59:57,SWEDEN,90.46139841825513
26070,-2.3,2019-02-19,11:59:57,SWEDEN,84.86534607140595
21200,-5.0,2019-02-19,11:59:57,SWEDEN,67.43621172324829
22970,-3.4,2019-02-19,11:59:57,SWEDEN,79.72309770374653
22960,-3.5,2019-02-19,11:59:57,SWEDEN,79.09975232338009
25550,-5.8,2019-02-19,11:59:57,SWEDEN,72.79441672245522
25540,0.0,2019-02-19,11:59:57,SWEDEN,75.01844046375166
25520,-1.5,2019-02-19,11:59:57,SWEDEN,83.69572298443917
23470,-3.0,2019-02-19,11:59:57,SWEDEN,68.94428687980675
26380,-2.2,2019-02-19,11:59:57,SWEDEN,88.78521907566022
26160,-0.6,2019-02-19,11:59:57,SWEDEN,82.56884701216147
25080,-3.6,2019-02-19,11:59:57,SWEDEN,83.4323620123189
21550,-6.9,2019-02-19,11:59:57,SWEDEN,93.29520537254747
21540,-11.5,2019-02-19,11:59:57,SWEDEN,88.63585474483807
25580,-0.2,2019-02-19,11:59:57,SWEDEN,66.95374141172977
25560,-5.2,2019-02-19,11:59:57,SWEDEN,81.31789006461752
24853,-3.5,2019-02-19,11:59:57,SWEDEN,83.44504204206974
20440,-10.2,2019-02-19,11:59:57,SWEDEN,78.01715171943748
26410,-4.1,2019-02-19,11:59:57,SWEDEN,84.00919340904984
26400,-3.4,2019-02-19,11:59:57,SWEDEN,76.72526742259443
23050,-2.5,2019-02-19,11:59:57,SWEDEN,88.75877504400992
25500,-3.4,2019-02-19,11:59:57,SWEDEN,85.38270954474834
25160,1.7,2019-02-19,11:59:57,SWEDEN,97.87482472488949
25180,-3.0,2019-02-19,11:59:57,SWEDEN,79.78366126559958
25120,-4.2,2019-02-19,11:59:57,SWEDEN,78.99024298899757
22300,-9.0,2019-02-19,11:59:57,SWEDEN,68.72278074185762
25410,-7.2,2019-02-19,11:59:57,SWEDEN,82.31648185176081
25420,-1.0,2019-02-19,11:59:57,SWEDEN,97.11287990432209
25050,0.2,2019-02-19,11:59:57,SWEDEN,90.30779776799781
24290,-2.4,2019-02-19,11:59:57,SWEDEN,92.84104544844041
24080,-1.0,2019-02-19,11:59:57,SWEDEN,92.92079286395739
24960,-2.2,2019-02-19,11:59:57,SWEDEN,79.90401498906574
25000,0.1,2019-02-19,11:59:57,SWEDEN,80.24437653621193
24030,-0.1,2019-02-19,11:59:57,SWEDEN,67.48627921231231
26440,0.4,2019-02-19,11:59:57,SWEDEN,98.56361111815582
26250,0.7,2019-02-19,11:59:57,SWEDEN,85.20829634902996
24320,-1.7,2019-02-19,11:59:57,SWEDEN,91.51255456991017
25740,-3.0,2019-02-19,11:59:57,SWEDEN,82.24988661411292
26040,-3.0,2019-02-19,11:59:57,SWEDEN,83.5082321741002
24180,-4.7,2019-02-19,11:59:57,SWEDEN,79.52446569444282
24560,-1.4,2019-02-19,11:59:57,SWEDEN,73.64054359772402
22980,-3.0,2019-02-19,11:59:57,SWEDEN,93.50451683591436
24600,-4.0,2019-02-19,11:59:57,SWEDEN,77.81377994051132
22610,-7.0,2019-02-19,11:59:57,SWEDEN,79.79280398877873
25710,-2.8,2019-02-19,11:59:57,SWEDEN,76.24229326277393
25700,-5.2,2019-02-19,11:59:57,SWEDEN,78.221667460003
25720,-7.6,2019-02-19,11:59:57,SWEDEN,61.63603878264983
22820,-5.4,2019-02-19,11:59:57,SWEDEN,80.66073766362155
21150,-5.7,2019-02-19,11:59:57,SWEDEN,85.11916226981089
26050,1.7,2019-02-19,11:59:57,SWEDEN,95.78975614003447
24680,-2.4,2019-02-19,11:59:57,SWEDEN,83.58360089278408
24690,0.1,2019-02-19,11:59:57,SWEDEN,92.98253254007366
21760,-6.8,2019-02-19,11:59:57,SWEDEN,87.00386601028637
21730,-4.7,2019-02-19,11:59:57,SWEDEN,82.01884392190053
22600,-9.5,2019-02-19,11:59:57,SWEDEN,96.14106356704785
22710,-4.4,2019-02-19,11:59:57,SWEDEN,71.93759076901617
22690,-1.5,2019-02-19,11:59:57,SWEDEN,88.18768571160052
20660,-5.5,2019-02-19,11:59:57,SWEDEN,75.76730675548686
20620,-9.6,2019-02-19,11:59:57,SWEDEN,83.9810734027495
24110,-1.7,2019-02-19,11:59:57,SWEDEN,95.67276831592525
24100,-9.3,2019-02-19,11:59:57,SWEDEN,75.07584533685599
24860,-1.8,2019-02-19,11:59:57,SWEDEN,75.83720958642425
24880,-1.1,2019-02-19,11:59:57,SWEDEN,97.11052564627254
24240,-5.4,2019-02-19,11:59:57,SWEDEN,100.0
24230,-0.4,2019-02-19,11:59:57,SWEDEN,99.27476042586001
25760,-4.8,2019-02-19,11:59:57,SWEDEN,78.28659540293891
20570,-4.1,2019-02-19,11:59:57,SWEDEN,91.34841496482845
25900,-2.9,2019-02-19,11:59:57,SWEDEN,79.79876174896553
24460,-6.1,2019-02-19,11:59:57,SWEDEN,75.06677738025427
23660,-8.3,2019-02-19,11:59:57,SWEDEN,81.51507302743738
21490,-10.0,2019-02-19,11:59:57,SWEDEN,80.61688539375325
21480,-3.6,2019-02-19,11:59:57,SWEDEN,98.51555934005334
22320,-7.7,2019-02-19,11:59:57,SWEDEN,96.94857809306278
22310,-8.1,2019-02-19,11:59:57,SWEDEN,65.65197907846225
23430,0.0,2019-02-19,11:59:57,SWEDEN,88.97638355603272
25360,-0.8,2019-02-19,11:59:57,SWEDEN,86.31102506310418
25350,-1.1,2019-02-19,11:59:57,SWEDEN,88.88140394999614
20600,-8.1,2019-02-19,11:59:57,SWEDEN,88.9446100721528
20550,-3.3,2019-02-19,11:59:57,SWEDEN,87.35698082563019
21630,-0.7,2019-02-19,11:59:57,SWEDEN,80.12693202357922
25103,-6.2,2019-02-19,11:59:57,SWEDEN,87.06541483879458
20740,-4.1,2019-02-19,11:59:57,SWEDEN,92.74240929647604
20750,-5.9,2019-02-19,11:59:57,SWEDEN,99.24085153181478
20860,-9.1,2019-02-19,11:59:57,SWEDEN,83.37601203265744
21080,-6.6,2019-02-19,11:59:57,SWEDEN,76.77257942761582
20580,-1.6,2019-02-19,11:59:57,SWEDEN,89.5015740668168
23550,-0.6,2019-02-19,11:59:57,SWEDEN,64.85252187073513
23680,-2.0,2019-02-19,11:59:57,SWEDEN,86.8320023094341
21960,-9.3,2019-02-19,11:59:57,SWEDEN,86.05450353752407
25200,-4.6,2019-02-19,11:59:57,SWEDEN,85.90203778919692
21250,-2.6,2019-02-19,11:59:57,SWEDEN,79.8439665677044
26500,-1.3,2019-02-19,11:59:57,SWEDEN,74.78435323266449
20200,-10.0,2019-02-19,11:59:57,SWEDEN,88.06681729853577
21040,-8.4,2019-02-19,11:59:57,SWEDEN,83.46681770486597
26110,-0.1,2019-02-19,11:59:57,SWEDEN,100.0
24410,-2.2,2019-02-19,11:59:57,SWEDEN,78.70198929389845
22670,-3.3,2019-02-19,11:59:57,SWEDEN,86.04393389246839
26700,-2.0,2019-02-19,11:59:57,SWEDEN,75.2276392707879
24040,0.3,2019-02-19,11:59:57,SWEDEN,91.64585132077208
25630,-0.7,2019-02-19,11:59:57,SWEDEN,75.45893934782741
25625,-1.7,2019-02-19,11:59:57,SWEDEN,81.1930259274044
25620,-4.9,2019-02-19,11:59:57,SWEDEN,85.21160847285587
24060,-12.3,2019-02-19,11:59:57,SWEDEN,81.5997153191632
24000,-6.7,2019-02-19,11:59:57,SWEDEN,80.4685836909921
20650,-9.1,2019-02-19,11:59:57,SWEDEN,95.4008177869032
20640,-2.2,2019-02-19,11:59:57,SWEDEN,71.27304909068056
20730,-3.4,2019-02-19,11:59:57,SWEDEN,93.48349799257169
25300,1.3,2019-02-19,11:59:57,SWEDEN,81.60930147291053
25260,-3.7,2019-02-19,11:59:57,SWEDEN,80.90795130918895
20430,-6.0,2019-02-19,11:59:57,SWEDEN,87.76227571101343
26480,-0.5,2019-02-19,11:59:57,SWEDEN,92.94895562508698
22590,-7.8,2019-02-19,11:59:57,SWEDEN,84.8724596375047
24400,-3.9,2019-02-19,11:59:57,SWEDEN,91.36227136398152
24440,-7.9,2019-02-19,11:59:57,SWEDEN,77.15899337912249
22440,-3.7,2019-02-19,11:59:57,SWEDEN,92.76579792206284
20490,-7.9,2019-02-19,11:59:57,SWEDEN,74.13847321560928
20500,-10.4,2019-02-19,11:59:57,SWEDEN,85.9315744311211
22930,-7.5,2019-02-19,11:59:57,SWEDEN,72.45736312235715
22220,-4.8,2019-02-19,11:59:57,SWEDEN,87.20738354565863
26510,-2.1,2019-02-19,11:59:57,SWEDEN,87.47482513782747
26610,-1.8,2019-02-19,11:59:57,SWEDEN,81.17891780918457
21810,-6.2,2019-02-19,11:59:57,SWEDEN,83.74758217767851
25890,0.2,2019-02-19,11:59:57,SWEDEN,77.90744775485334
20840,-1.6,2019-02-19,11:59:57,SWEDEN,89.5015740668168
23060,-24.1,2019-02-19,11:59:57,SWEDEN,70.12887606774399
26280,0.3,2019-02-19,11:59:57,SWEDEN,96.44043836027068
21520,-1.7,2019-02-19,11:59:57,SWEDEN,90.16195774764554
24410,-2.0,2019-02-19,11:59:58,SWEDEN,82.38380089710469
24283,-0.7,2019-02-19,11:59:58,SWEDEN,75.45893934782741
24260,-2.0,2019-02-19,11:59:58,SWEDEN,92.17586196253927
24810,-1.9,2019-02-19,11:59:58,SWEDEN,67.08531272785642
24820,-2.2,2019-02-19,11:59:58,SWEDEN,70.187307901766
20650,-8.2,2019-02-19,11:59:58,SWEDEN,81.5293392258185
20640,-2.7,2019-02-19,11:59:58,SWEDEN,73.95967470814566
25050,0.2,2019-02-19,11:59:58,SWEDEN,90.30779776799781
25740,-2.9,2019-02-19,11:59:58,SWEDEN,81.64093694175408
25580,-0.6,2019-02-19,11:59:58,SWEDEN,65.35029948939257
25560,-4.8,2019-02-19,11:59:58,SWEDEN,78.89572558274777
22610,-7.4,2019-02-19,11:59:58,SWEDEN,82.28913713687534
25590,-1.4,2019-02-19,11:59:58,SWEDEN,81.23525927205625
21470,-4.6,2019-02-19,11:59:58,SWEDEN,82.6664922106131
20660,-4.8,2019-02-19,11:59:58,SWEDEN,71.85727234726855
20620,-9.0,2019-02-19,11:59:58,SWEDEN,80.12185790542416
25920,-1.5,2019-02-19,11:59:58,SWEDEN,79.40818586352142
20240,-9.8,2019-02-19,11:59:58,SWEDEN,69.10827081813947
22220,-4.8,2019-02-19,11:59:58,SWEDEN,83.2791002682898
25890,0.2,2019-02-19,11:59:58,SWEDEN,77.90744775485334
24600,-4.3,2019-02-19,11:59:58,SWEDEN,83.98454178411208
21670,0.0,2019-02-19,11:59:58,SWEDEN,93.65900343482977
24080,-0.9,2019-02-19,11:59:58,SWEDEN,92.24411812889005
23190,-13.8,2019-02-19,11:59:58,SWEDEN,83.4380330366449
23170,-11.8,2019-02-19,11:59:58,SWEDEN,77.74685006640215
23210,-3.1,2019-02-19,11:59:58,SWEDEN,90.05242117152747
22590,-8.7,2019-02-19,11:59:58,SWEDEN,83.42798902152005
23780,-1.8,2019-02-19,11:59:58,SWEDEN,93.56697395259354
23760,-6.6,2019-02-19,11:59:58,SWEDEN,77.99223334086656
25130,-0.4,2019-02-19,11:59:58,SWEDEN,88.28837924759235
23330,-2.6,2019-02-19,11:59:58,SWEDEN,89.41860715864674
26040,-3.0,2019-02-19,11:59:58,SWEDEN,88.0483209296803
21960,-9.3,2019-02-19,11:59:58,SWEDEN,86.05450353752407
21230,-2.8,2019-02-19,11:59:58,SWEDEN,89.4018982511845
20920,-1.5,2019-02-19,11:59:58,SWEDEN,86.23699547038358
21990,-8.9,2019-02-19,11:59:58,SWEDEN,84.74085854663547
24400,-3.9,2019-02-19,11:59:58,SWEDEN,91.36227136398152
24440,-7.3,2019-02-19,11:59:58,SWEDEN,73.6631209603221
21550,-6.9,2019-02-19,11:59:58,SWEDEN,93.29520537254747
21540,-11.5,2019-02-19,11:59:58,SWEDEN,88.63585474483807
23360,-5.1,2019-02-19,11:59:58,SWEDEN,81.3321048155216
23370,-1.0,2019-02-19,11:59:58,SWEDEN,87.5814439070121
23380,-4.0,2019-02-19,11:59:58,SWEDEN,82.11450069270761
21740,-8.1,2019-02-19,11:59:58,SWEDEN,79.62286373071402
21660,-1.8,2019-02-19,11:59:58,SWEDEN,92.18833804189413
21610,-1.7,2019-02-19,11:59:58,SWEDEN,82.42369124665107
26480,-0.5,2019-02-19,11:59:58,SWEDEN,92.2687204582999
20130,-10.2,2019-02-19,11:59:58,SWEDEN,70.74113365503865
22060,-4.7,2019-02-19,11:59:58,SWEDEN,73.00945845643274
22860,-8.1,2019-02-19,11:59:58,SWEDEN,84.16877784088838
22870,-1.8,2019-02-19,11:59:58,SWEDEN,72.4519883479604
20990,-0.6,2019-02-19,11:59:58,SWEDEN,90.91432830663767
20980,-1.3,2019-02-19,11:59:58,SWEDEN,92.21939990142232
20960,-4.2,2019-02-19,11:59:58,SWEDEN,74.82917267384818
25710,-2.8,2019-02-19,11:59:58,SWEDEN,80.42335393853607
25700,-4.7,2019-02-19,11:59:58,SWEDEN,80.1416451658786
25720,-7.6,2019-02-19,11:59:58,SWEDEN,61.63603878264983
20840,-1.9,2019-02-19,11:59:58,SWEDEN,91.49905254667472
21020,-2.9,2019-02-19,11:59:58,SWEDEN,85.43910395316232
26160,-0.5,2019-02-19,11:59:58,SWEDEN,83.81900805895471
26070,-2.6,2019-02-19,11:59:58,SWEDEN,82.3036277832477
22520,-14.8,2019-02-19,11:59:58,SWEDEN,79.20744022645347
22420,-6.2,2019-02-19,11:59:58,SWEDEN,79.91512715424989
22880,-5.4,2019-02-19,11:59:58,SWEDEN,80.03639407758412
24110,-1.7,2019-02-19,11:59:58,SWEDEN,89.49332045949569
24100,-9.7,2019-02-19,11:59:58,SWEDEN,77.47183273695427
22640,-5.0,2019-02-19,11:59:58,SWEDEN,85.85795478572807
22650,-6.5,2019-02-19,11:59:58,SWEDEN,81.13167490981265
20880,-6.0,2019-02-19,11:59:58,SWEDEN,94.06390207417292
20870,-6.0,2019-02-19,11:59:58,SWEDEN,81.83923132466037
22600,-9.1,2019-02-19,11:59:58,SWEDEN,88.15309621454743
22710,-4.2,2019-02-19,11:59:58,SWEDEN,70.86438593088674
22690,-1.2,2019-02-19,11:59:58,SWEDEN,86.26879370372735
26500,-1.3,2019-02-19,11:59:58,SWEDEN,74.78435323266449
25230,-16.8,2019-02-19,11:59:58,SWEDEN,43.60960086612134
25240,-5.0,2019-02-19,11:59:58,SWEDEN,81.97762256443384
23430,0.0,2019-02-19,11:59:58,SWEDEN,90.29259655761705
22980,-2.8,2019-02-19,11:59:58,SWEDEN,91.43789946861774
20950,-3.8,2019-02-19,11:59:58,SWEDEN,87.30740039081233
20940,0.0,2019-02-19,11:59:58,SWEDEN,88.97638355603272
20790,-3.3,2019-02-19,11:59:58,SWEDEN,92.7890751845292
25760,-5.0,2019-02-19,11:59:58,SWEDEN,73.52403190247124
24500,-1.0,2019-02-19,11:59:58,SWEDEN,69.3719036597723
25880,-1.9,2019-02-19,11:59:58,SWEDEN,78.15536527416963
20430,-6.0,2019-02-19,11:59:58,SWEDEN,87.76227571101343
21760,-6.1,2019-02-19,11:59:58,SWEDEN,82.46579557166767
21730,-3.8,2019-02-19,11:59:58,SWEDEN,70.3971376571987
25900,-2.9,2019-02-19,11:59:58,SWEDEN,79.79876174896553
25200,-4.6,2019-02-19,11:59:58,SWEDEN,85.90203778919692
23050,-2.5,2019-02-19,11:59:58,SWEDEN,91.45835575380151
24090,-12.3,2019-02-19,11:59:58,SWEDEN,49.162623938680525
23160,-0.5,2019-02-19,11:59:58,SWEDEN,64.3817991267411
26510,-2.1,2019-02-19,11:59:58,SWEDEN,87.47482513782747
26610,-1.8,2019-02-19,11:59:58,SWEDEN,81.17891780918457
23240,-6.8,2019-02-19,11:59:58,SWEDEN,81.72741462641034
23290,-2.5,2019-02-19,11:59:58,SWEDEN,79.85900270193231
24853,-3.5,2019-02-19,11:59:58,SWEDEN,83.44504204206974
20820,-0.8,2019-02-19,11:59:58,SWEDEN,90.89998534997937
20830,0.0,2019-02-19,11:59:58,SWEDEN,87.03397643353166
20800,-5.3,2019-02-19,11:59:58,SWEDEN,75.21270478259483
25080,-3.6,2019-02-19,11:59:58,SWEDEN,83.4323620123189
26260,-6.5,2019-02-19,11:59:58,SWEDEN,90.47677079538312
21200,-5.0,2019-02-19,11:59:58,SWEDEN,67.43621172324829
26700,-2.1,2019-02-19,11:59:58,SWEDEN,75.7845542625334
20570,-4.1,2019-02-19,11:59:58,SWEDEN,92.74240929647604
22470,-8.7,2019-02-19,11:59:58,SWEDEN,73.39149242796591
21910,-8.7,2019-02-19,11:59:58,SWEDEN,93.93035762391357
21810,-6.2,2019-02-19,11:59:58,SWEDEN,83.74758217767851
20740,-4.1,2019-02-19,11:59:58,SWEDEN,95.58725144566829
20750,-6.2,2019-02-19,11:59:58,SWEDEN,94.77976400693021
20860,-10.1,2019-02-19,11:59:58,SWEDEN,90.19437991767012
26800,-1.4,2019-02-19,11:59:58,SWEDEN,81.8473086585495
26350,0.0,2019-02-19,11:59:58,SWEDEN,90.29259655761705
26640,-3.3,2019-02-19,11:59:58,SWEDEN,82.20942628914979
21170,-4.5,2019-02-19,11:59:58,SWEDEN,87.23750914770348
21190,-6.7,2019-02-19,11:59:58,SWEDEN,88.37875620842358
26440,0.4,2019-02-19,11:59:58,SWEDEN,98.56361111815582
25670,0.2,2019-02-19,11:59:58,SWEDEN,72.83880478064872
25360,-0.8,2019-02-19,11:59:58,SWEDEN,86.31102506310418
25350,-1.1,2019-02-19,11:59:58,SWEDEN,88.88140394999614
24900,-2.3,2019-02-19,11:59:58,SWEDEN,72.35408845541748
22450,-2.7,2019-02-19,11:59:58,SWEDEN,92.82378379271776
21490,-10.0,2019-02-19,11:59:58,SWEDEN,89.4854563191427
21480,-3.4,2019-02-19,11:59:58,SWEDEN,92.78326627106854
26110,-0.1,2019-02-19,11:59:58,SWEDEN,99.27654435339122
21080,-6.6,2019-02-19,11:59:58,SWEDEN,81.75546146304958
20580,-1.9,2019-02-19,11:59:58,SWEDEN,89.47678462336837
22360,-5.8,2019-02-19,11:59:58,SWEDEN,71.0913901137262
22340,-11.8,2019-02-19,11:59:58,SWEDEN,88.60800660062928
22740,-3.2,2019-02-19,11:59:58,SWEDEN,80.9797984131181
26200,-1.6,2019-02-19,11:59:58,SWEDEN,84.9463928836789
24560,-1.1,2019-02-19,11:59:58,SWEDEN,72.03949614857301
25550,-6.1,2019-02-19,11:59:58,SWEDEN,74.47776370210435
25540,0.0,2019-02-19,11:59:58,SWEDEN,75.01844046375166
25520,-1.5,2019-02-19,11:59:58,SWEDEN,83.69572298443917
24320,-1.7,2019-02-19,11:59:58,SWEDEN,91.51255456991017
21150,-4.8,2019-02-19,11:59:58,SWEDEN,79.50907133311354
26300,-4.8,2019-02-19,11:59:58,SWEDEN,83.2791002682898
24580,-4.8,2019-02-19,11:59:58,SWEDEN,80.74851099551842
22820,-6.0,2019-02-19,11:59:58,SWEDEN,84.42625346215084
21350,-2.4,2019-02-19,11:59:58,SWEDEN,90.10741248867824
20910,-2.2,2019-02-19,11:59:58,SWEDEN,88.12294658099164
20900,-1.6,2019-02-19,11:59:58,SWEDEN,90.84227855618312
20890,-0.4,2019-02-19,11:59:58,SWEDEN,88.9419837269634
24030,-0.1,2019-02-19,11:59:58,SWEDEN,67.48627921231231
21280,-6.1,2019-02-19,11:59:58,SWEDEN,85.735686853989
21290,-2.4,2019-02-19,11:59:58,SWEDEN,92.15082129947179
21330,-6.3,2019-02-19,11:59:58,SWEDEN,87.73312174909978
22670,-2.6,2019-02-19,11:59:58,SWEDEN,77.44988163480996
26220,-1.7,2019-02-19,11:59:58,SWEDEN,85.57316634761561
25635,3.1,2019-02-19,11:59:58,SWEDEN,97.20699252892513
25660,-3.6,2019-02-19,11:59:58,SWEDEN,79.08415804049493
25640,-4.8,2019-02-19,11:59:58,SWEDEN,65.90257821738274
22260,-5.9,2019-02-19,11:59:58,SWEDEN,80.58715429307966
25160,1.7,2019-02-19,11:59:58,SWEDEN,97.87482472488949
25180,-3.1,2019-02-19,11:59:58,SWEDEN,80.37925563256515
25120,-4.4,2019-02-19,11:59:58,SWEDEN,84.61836987226464
22440,-3.7,2019-02-19,11:59:58,SWEDEN,92.76579792206284
24680,-2.4,2019-02-19,11:59:58,SWEDEN,83.58360089278408
24690,0.1,2019-02-19,11:59:58,SWEDEN,92.98253254007366
26050,1.6,2019-02-19,11:59:58,SWEDEN,96.47753372043722
20120,-8.3,2019-02-19,11:59:58,SWEDEN,78.95969046263284
21040,-9.0,2019-02-19,11:59:58,SWEDEN,80.76600366677827
22970,-3.1,2019-02-19,11:59:58,SWEDEN,73.88463411287628
22960,-3.5,2019-02-19,11:59:58,SWEDEN,82.81157028363086
22840,-8.5,2019-02-19,11:59:58,SWEDEN,86.14292634536744
22780,-8.1,2019-02-19,11:59:58,SWEDEN,84.16877784088838
22760,-14.0,2019-02-19,11:59:58,SWEDEN,78.67561031260152
24960,-2.4,2019-02-19,11:59:58,SWEDEN,82.95490235415156
25000,0.1,2019-02-19,11:59:58,SWEDEN,80.24437653621193
20600,-8.7,2019-02-19,11:59:58,SWEDEN,93.19521560690292
20550,-3.3,2019-02-19,11:59:58,SWEDEN,91.4036446716824
25500,-4.1,2019-02-19,11:59:58,SWEDEN,89.97307890102722
26060,-1.9,2019-02-19,11:59:58,SWEDEN,78.74918963614512
23470,-3.0,2019-02-19,11:59:58,SWEDEN,73.33716360526049
26250,0.6,2019-02-19,11:59:58,SWEDEN,85.82514788057838
26360,-3.5,2019-02-19,11:59:58,SWEDEN,84.08281940742583
26410,-3.9,2019-02-19,11:59:58,SWEDEN,82.75901805365821
26400,-3.4,2019-02-19,11:59:58,SWEDEN,80.95110620552332
24860,-1.8,2019-02-19,11:59:58,SWEDEN,70.8103233274573
24880,-1.1,2019-02-19,11:59:58,SWEDEN,97.11052564627254
26660,-2.6,2019-02-19,11:59:58,SWEDEN,76.86142764087323
20440,-10.2,2019-02-19,11:59:58,SWEDEN,71.91000867182417
24040,0.2,2019-02-19,11:59:58,SWEDEN,92.311497793793
21630,-0.7,2019-02-19,11:59:58,SWEDEN,85.04967299814432
25820,-3.3,2019-02-19,11:59:58,SWEDEN,76.74234932853258
23310,-9.2,2019-02-19,11:59:58,SWEDEN,86.7533462563334
23550,-0.6,2019-02-19,11:59:58,SWEDEN,64.85252187073513
25840,-2.4,2019-02-19,11:59:58,SWEDEN,77.48300865569455
24150,-2.9,2019-02-19,11:59:58,SWEDEN,79.79876174896553
21440,-8.4,2019-02-19,11:59:58,SWEDEN,74.64045326230672
21500,-2.5,2019-02-19,11:59:58,SWEDEN,92.83529839748435
21250,-2.6,2019-02-19,11:59:58,SWEDEN,79.8439665677044
22930,-7.9,2019-02-19,11:59:58,SWEDEN,80.28877351916852
20490,-8.6,2019-02-19,11:59:58,SWEDEN,85.45202187265718
20500,-10.4,2019-02-19,11:59:58,SWEDEN,95.35042536770999
24740,-6.4,2019-02-19,11:59:58,SWEDEN,78.02521933537257
24760,-3.0,2019-02-19,11:59:58,SWEDEN,70.56337293397841
24640,-4.5,2019-02-19,11:59:58,SWEDEN,76.53619011143674
24520,-0.2,2019-02-19,11:59:58,SWEDEN,96.42601572056499
24530,-1.1,2019-02-19,11:59:58,SWEDEN,77.11370669823475
26230,1.7,2019-02-19,11:59:58,SWEDEN,88.47715174612614
24060,-12.3,2019-02-19,11:59:58,SWEDEN,81.5997153191632
24000,-6.3,2019-02-19,11:59:58,SWEDEN,72.69588162833253
25490,-0.9,2019-02-19,11:59:58,SWEDEN,85.66154608825286
25480,-0.7,2019-02-19,11:59:58,SWEDEN,93.62344752894298
25440,-0.9,2019-02-19,11:59:58,SWEDEN,66.79662836440096
25410,-7.2,2019-02-19,11:59:58,SWEDEN,74.86414898312998
25420,-1.0,2019-02-19,11:59:58,SWEDEN,97.11287990432209
25860,-0.9,2019-02-19,11:59:58,SWEDEN,60.44567622726566
24180,-4.7,2019-02-19,11:59:58,SWEDEN,79.52446569444282
23660,-2.8,2019-02-19,11:59:58,SWEDEN,53.67879488596308
24290,-2.4,2019-02-19,11:59:58,SWEDEN,92.84104544844041
26280,0.3,2019-02-19,11:59:58,SWEDEN,97.14322651781174
23820,-0.8,2019-02-19,11:59:58,SWEDEN,68.36562459293354
24460,-5.7,2019-02-19,11:59:58,SWEDEN,77.531677054765
26390,-3.4,2019-02-19,11:59:58,SWEDEN,73.82815508172327
26720,-2.7,2019-02-19,11:59:58,SWEDEN,77.43329220486362
25750,1.2,2019-02-19,11:59:58,SWEDEN,73.0293821507237
25630,-0.5,2019-02-19,11:59:58,SWEDEN,74.36705189276533
25625,-1.8,2019-02-19,11:59:58,SWEDEN,81.79260382379225
25620,-4.6,2019-02-19,11:59:58,SWEDEN,78.92729861025079
20770,-0.9,2019-02-19,11:59:58,SWEDEN,92.24411812889005
20760,-5.0,2019-02-19,11:59:58,SWEDEN,97.01642727023095
21860,-6.6,2019-02-19,11:59:58,SWEDEN,87.70386608082885
22300,-9.0,2019-02-19,11:59:58,SWEDEN,75.73967849481294
24240,-5.4,2019-02-19,11:59:58,SWEDEN,91.95918388963416
24230,-0.5,2019-02-19,11:59:58,SWEDEN,100.0
24350,-3.3,2019-02-19,11:59:58,SWEDEN,75.57230854788658
24360,-10.2,2019-02-19,11:59:58,SWEDEN,61.47068087762692
21510,-0.5,2019-02-19,11:59:58,SWEDEN,90.25443967232712
22861,-1.9,2019-02-19,11:59:58,SWEDEN,94.25850367271244
20200,-10.0,2019-02-19,11:59:58,SWEDEN,83.25819884475428
20730,-3.9,2019-02-19,11:59:58,SWEDEN,92.75411757334933
23060,-22.8,2019-02-19,11:59:58,SWEDEN,62.48014003937898
21520,-1.7,2019-02-19,11:59:58,SWEDEN,87.51374989399355
23680,-1.8,2019-02-19,11:59:58,SWEDEN,85.56206319599663
